Attractor,Associated Cell Fate,Attractor Type,Basin Ratio,Attractor length,atwozero,aa,ac,andthreefour,apc,arf,arhgaptwo,askone,actin,akt,arptwothree,brcaone,barrestin,bparvin,chkone,ca,cam,camk,camkk,cas,caspthree,caspeight,caspnine,cbp,cdctwozero,cdcfourtwo,cdhone,crk,csk,cyclina,cyclinb,cyclind,cycline,cytochromec,dag,dgk,dockoneeightzero,daxx,ecad,egfr,erk,fadd,fak,fasr,frizzled,fyn,gck,gefhone,grk,gaonetwoonethree,gabone,gai,gaq,gas,gbgonetwoonethree,gbgi,gbgq,gbgs,graf,grbtwo,ikk,ilonetnfr,ilk,ipthree,ipthreerone,ikb,integrins,larg,mkkthree,mkksix,mkkseven,mkps,mlck,mlcp,mlkone,mlktwo,mlkthree,mmp,mek,mekkone,mekktwo,mekkthree,mekkfour,myc,myosin,nfkappab,nik,nck,pa,pak,pdefour,pdkone,pithreek,pifourk,pifivek,piptwothreefour,piptwofourfive,pipthreethreefourfive,pipfour,pka,pkc,pkcprimed,platwo,plcb,plcg,pld,pptwoa,pten,ptponeb,ptppest,ptpa,palphaonetwoonethreer,palphair,palphaqr,palphasr,pixcool,rgs,rkip,rac,raf,rafdep,rafloc,rafrest,ral,ralbpone,ralgds,rapone,ras,rasgrfgrp,rho,rhogdi,rhok,sapk,shptwo,sekone,shc,slug,smac,smadtwo,smadtwofour,snail,sos,src,stathmin,takone,taoonetwo,tgfr,tabonetwo,talin,tiam,tpltwo,trafs,trio,trx,vavtwo,vinc,wasp,xiap,alphaonetwoonethreer,alphair,alphaqr,alphasr,atm,bax,bcltwo,betacatenin,camp,cycg,etwofone,mdmtwo,mdmx,ponefiverhogef,ponetwozerorasgap,ponefourarf,ponefive,poneninezerorhogap,poneninezerorhogef,ptwoone,ptwoseven,pthreeeight,pfivethree,pninezerorsk,rb,wipone,ecm,extpump,egf,fas,wnt,alphaslig,ilonetnf,stress,tgfb,alphaonetwoonethreelig,alphailig,alphaqlig,dnadamage
,,,,,,,,,,,,,,,,,,,,,,,,,,,,,,,,,,,,,,,,,,,,,,,,,,,,,,,,,,,,,,,,,,,,,,,,,,,,,,,,,,,,,,,,,,,,,,,,,,,,,,,,,,,,,,,,,,,,,,,,,,,,,,,,,,,,,,,,,,,,,,,,,,,,,,,,,,,,,,,,,,,,,,,,,,,,,,,,,,,,,,,,,,,,,,,,,,,,,,,,,
1,NormalProliferation,Cyclic,0.07031,40,0.5,0,0,0,0,1,0.5,0,0,1,0,0,0,1,0,0,0,0,0,0,0,0,0,0.5,0.4,0,0.2,0,0.25,0.6,0.4,0.5,0.4,0.4,0.5,1,0,0,1,1,0,0,0,0,1,1,0,1,0,0,0.5,0,0,0,0,0,0,0,0,1,0.5,0,1,1,0,0.5,0,1,0,0,0,0,0,0,0,0,0,0,0,1,0.5,0,0,0,1,0.5,1,1,1,0,0,0.75,1,1,1,0.5,1,1,0.5,0,0,1,0,0,1,1,0,0,0,0,0,0,0,0,0,1,0,0,0,0,0,1,1,0,0,0,0,1,0,0.5,0,0.5,0,0.5,0,0,1,0,0,0,0,1,0.75,1,0,0,0,0,0.5,0.75,0,0,0,0,1,0.5,0,1,0,0,0,0,0,0,1,1,0,0,0.4,1,0,1,0.25,0,0,0.75,0,0,0,0,0,0,0,0,1,0,1,0,1,0,0,0,0,0,0,0,0
2,NormalProliferation,Cyclic,0.05469,40,0.5,0,0,0,0,1,0.5,0,0,1,0,0,0,1,0,0,0,0,0,0,0,0,0,0.5,0.4,0,0.2,0,0.25,0.6,0.4,0.5,0.4,0.4,0.5,1,0,0,1,1,0,0,0,0,1,1,0,1,0,0,0.5,0,0,0,0,0,0,0,0,1,0.5,0,1,1,0,0.5,0,1,0,0,0,0,0,0,0,0,0,0,0,1,0.5,0,0,0,1,0.5,1,1,1,0,0,0.75,1,1,1,0.5,1,1,0.5,0,0,1,0,0,1,1,0,0,0,0,0,0,0,0,0,1,0,0,0,0,0,1,1,0,0,0,0,1,0,0.5,0,0.5,0,0.5,0,0,1,0,0,0,0,1,0.75,1,0,0,0,0,0.5,0.75,0,0,0,0,1,0.5,0,1,0,0,0,0,0,0,1,1,0,0,0.4,1,0,1,0.25,0,0,0.75,0,0,0,0,0,0,0,0,1,0,1,0,1,0,0,0,0,0,0,0,0
3,NormalProliferation,Cyclic,0.04688,40,0.5,0,0,0,0,1,0.5,0,0,1,0,0,0,1,0,0,0,0,0,0,0,0,0,0.5,0.4,0,0.2,0,0.25,0.6,0.4,0.5,0.4,0.4,0.5,1,0,0,1,1,0,0,0,0,1,1,0,1,0,0,0.5,0,0,0,0,0,0,0,0,1,0.5,0,1,1,0,0.5,0,1,0,0,0,0,0,0,0,0,0,0,0,1,0.5,0,0,0,1,0.5,1,1,1,0,0,0.75,1,1,1,0.5,1,1,0.5,0,0,1,0,0,1,1,0,0,0,0,0,0,0,0,0,1,0,0,0,0,0,1,1,0,0,0,0,1,0,0.5,0,0.5,0,0.5,0,0,1,0,0,0,0,1,0.75,1,0,0,0,0,0.5,0.75,0,0,0,0,1,0.5,0,1,0,0,0,0,0,0,1,1,0,0,0.4,1,0,1,0.25,0,0,0.75,0,0,0,0,0,0,0,0,1,0,1,0,1,0,0,0,0,0,0,0,0
4,NormalProliferation,Cyclic,0.04297,40,0.5,0,0,0,0,1,0.5,0,0,1,0,0,0,1,0,0,0,0,0,0,0,0,0,0.5,0.4,0,0.2,0,0.25,0.6,0.4,0.5,0.4,0.4,0.5,1,0,0,1,1,0,0,0,0,1,1,0,1,0,0,0.5,0,0,0,0,0,0,0,0,1,0.5,0,1,1,0,0.5,0,1,0,0,0,0,0,0,0,0,0,0,0,1,0.5,0,0,0,1,0.5,1,1,1,0,0,0.75,1,1,1,0.5,1,1,0.5,0,0,1,0,0,1,1,0,0,0,0,0,0,0,0,0,1,0,0,0,0,0,1,1,0,0,0,0,1,0,0.5,0,0.5,0,0.5,0,0,1,0,0,0,0,1,0.75,1,0,0,0,0,0.5,0.75,0,0,0,0,1,0.5,0,1,0,0,0,0,0,0,1,1,0,0,0.4,1,0,1,0.25,0,0,0.75,0,0,0,0,0,0,0,0,1,0,1,0,1,0,0,0,0,0,0,0,0
5,NormalProliferation,Cyclic,0.02734,40,0.5,0,0,0,0,1,0.5,0,0,1,0,0,0,1,0,0,0,0,0,0,0,0,0,0.5,0.4,0,0.2,0,0.25,0.6,0.4,0.5,0.4,0.4,0.5,1,0,0,1,1,0,0,0,0,1,1,0,1,0,0,0.5,0,0,0,0,0,0,0,0,1,0.5,0,1,1,0,0.5,0,1,0,0,0,0,0,0,0,0,0,0,0,1,0.5,0,0,0,1,0.5,1,1,1,0,0,0.75,1,1,1,0.5,1,1,0.5,0,0,1,0,0,1,1,0,0,0,0,0,0,0,0,0,1,0,0,0,0,0,1,1,0,0,0,0,1,0,0.5,0,0.5,0,0.5,0,0,1,0,0,0,0,1,0.75,1,0,0,0,0,0.5,0.75,0,0,0,0,1,0.5,0,1,0,0,0,0,0,0,1,1,0,0,0.4,1,0,1,0.25,0,0,0.75,0,0,0,0,0,0,0,0,1,0,1,0,1,0,0,0,0,0,0,0,0
6,NormalProliferation,Cyclic,0.02734,40,0.5,0,0,0,0,1,0.5,0,0,1,0,0,0,1,0,0,0,0,0,0,0,0,0,0.5,0.4,0,0.2,0,0.25,0.6,0.4,0.5,0.4,0.4,0.5,1,0,0,1,1,0,0,0,0,1,1,0,1,0,0,0.5,0,0,0,0,0,0,0,0,1,0.5,0,1,1,0,0.5,0,1,0,0,0,0,0,0,0,0,0,0,0,1,0.5,0,0,0,1,0.5,1,1,1,0,0,0.75,1,1,1,0.5,1,1,0.5,0,0,1,0,0,1,1,0,0,0,0,0,0,0,0,0,1,0,0,0,0,0,1,1,0,0,0,0,1,0,0.5,0,0.5,0,0.5,0,0,1,0,0,0,0,1,0.75,1,0,0,0,0,0.5,0.75,0,0,0,0,1,0.5,0,1,0,0,0,0,0,0,1,1,0,0,0.4,1,0,1,0.25,0,0,0.75,0,0,0,0,0,0,0,0,1,0,1,0,1,0,0,0,0,0,0,0,0
7,NormalProliferation,Cyclic,0.02734,40,0.5,0,0,0,0,1,0.5,0,0,1,0,0,0,1,0,0,0,0,0,0,0,0,0,0.5,0.4,0,0.2,0,0.25,0.6,0.4,0.5,0.4,0.4,0.5,1,0,0,1,1,0,0,0,0,1,1,0,1,0,0,0.5,0,0,0,0,0,0,0,0,1,0.5,0,1,1,0,0.5,0,1,0,0,0,0,0,0,0,0,0,0,0,1,0.5,0,0,0,1,0.5,1,1,1,0,0,0.75,1,1,1,0.5,1,1,0.5,0,0,1,0,0,1,1,0,0,0,0,0,0,0,0,0,1,0,0,0,0,0,1,1,0,0,0,0,1,0,0.5,0,0.5,0,0.5,0,0,1,0,0,0,0,1,0.75,1,0,0,0,0,0.5,0.75,0,0,0,0,1,0.5,0,1,0,0,0,0,0,0,1,1,0,0,0.4,1,0,1,0.25,0,0,0.75,0,0,0,0,0,0,0,0,1,0,1,0,1,0,0,0,0,0,0,0,0
8,NormalProliferation,Cyclic,0.02344,40,0.5,0,0,0,0,1,0.5,0,0,1,0,0,0,1,0,0,0,0,0,0,0,0,0,0.5,0.4,0,0.2,0,0.25,0.6,0.4,0.5,0.4,0.4,0.5,1,0,0,1,1,0,0,0,0,1,1,0,1,0,0,0.5,0,0,0,0,0,0,0,0,1,0.5,0,1,1,0,0.5,0,1,0,0,0,0,0,0,0,0,0,0,0,1,0.5,0,0,0,1,0.5,1,1,1,0,0,0.75,1,1,1,0.5,1,1,0.5,0,0,1,0,0,1,1,0,0,0,0,0,0,0,0,0,1,0,0,0,0,0,1,1,0,0,0,0,1,0,0.5,0,0.5,0,0.5,0,0,1,0,0,0,0,1,0.75,1,0,0,0,0,0.5,0.75,0,0,0,0,1,0.5,0,1,0,0,0,0,0,0,1,1,0,0,0.4,1,0,1,0.25,0,0,0.75,0,0,0,0,0,0,0,0,1,0,1,0,1,0,0,0,0,0,0,0,0
9,NormalProliferation,Cyclic,0.02344,40,0.5,0,0,0,0,1,0.5,0,0,1,0,0,0,1,0,0,0,0,0,0,0,0,0,0.5,0.4,0,0.2,0,0.25,0.6,0.4,0.5,0.4,0.4,0.5,1,0,0,1,1,0,0,0,0,1,1,0,1,0,0,0.5,0,0,0,0,0,0,0,0,1,0.5,0,1,1,0,0.5,0,1,0,0,0,0,0,0,0,0,0,0,0,1,0.5,0,0,0,1,0.5,1,1,1,0,0,0.75,1,1,1,0.5,1,1,0.5,0,0,1,0,0,1,1,0,0,0,0,0,0,0,0,0,1,0,0,0,0,0,1,1,0,0,0,0,1,0,0.5,0,0.5,0,0.5,0,0,1,0,0,0,0,1,0.75,1,0,0,0,0,0.5,0.75,0,0,0,0,1,0.5,0,1,0,0,0,0,0,0,1,1,0,0,0.4,1,0,1,0.25,0,0,0.75,0,0,0,0,0,0,0,0,1,0,1,0,1,0,0,0,0,0,0,0,0
10,NormalProliferation,Cyclic,0.02344,40,0.5,0,0,0,0,1,0.5,0,0,1,0,0,0,1,0,0,0,0,0,0,0,0,0,0.5,0.4,0,0.2,0,0.25,0.6,0.4,0.5,0.4,0.4,0.5,1,0,0,1,1,0,0,0,0,1,1,0,1,0,0,0.5,0,0,0,0,0,0,0,0,1,0.5,0,1,1,0,0.5,0,1,0,0,0,0,0,0,0,0,0,0,0,1,0.5,0,0,0,1,0.5,1,1,1,0,0,0.75,1,1,1,0.5,1,1,0.5,0,0,1,0,0,1,1,0,0,0,0,0,0,0,0,0,1,0,0,0,0,0,1,1,0,0,0,0,1,0,0.5,0,0.5,0,0.5,0,0,1,0,0,0,0,1,0.75,1,0,0,0,0,0.5,0.75,0,0,0,0,1,0.5,0,1,0,0,0,0,0,0,1,1,0,0,0.4,1,0,1,0.25,0,0,0.75,0,0,0,0,0,0,0,0,1,0,1,0,1,0,0,0,0,0,0,0,0
11,NormalProliferation,Cyclic,0.02344,42,0.428571429,0.285714286,0,0,0,1,0.5,0,0,0.714285714,0,0,0,1,0,0.571428571,0.571428571,0.285714286,0.571428571,0,0,0,0,0.5,0.357142857,0,0.19047619,0,0.5,0.619047619,0.357142857,0.404761905,0.30952381,0.452380952,0.285714286,0.857142857,0,0,1,0.571428571,0,0,0,0,1,0.928571429,0,1,0,0,0.285714286,0,0,0,0,0,0,0,0,0.571428571,0.357142857,0,1,0.571428571,0.571428571,0.571428571,0.214285714,0.928571429,0,0,0,0,0.214285714,0,0.214285714,0,0.214285714,0,0,0.928571429,0.285714286,0.142857143,0.214285714,0,1,0.428571429,0.571428571,0.571428571,1,0,0,0.642857143,0.928571429,1,1,0.5,1,1,0.5,0.714285714,0.428571429,0.642857143,0.285714286,0,0.571428571,1,0.428571429,0,0.428571429,0.142857143,0.428571429,0,0,0,0,1,0.571428571,0.428571429,0.214285714,0,0.142857143,1,0.857142857,0.571428571,0.571428571,0,0.571428571,0.571428571,0,0.5,0,0.5,0,0.285714286,0,0,0.857142857,0,0,0,0,0.571428571,0.642857143,1,0,0,0,0,0.5,0.714285714,0,0,0,0,0.5,0.5,0,1,0,0,0,0,0,0,0.976190476,0.928571429,1,0.071428571,0.380952381,0.880952381,0.166666667,1,0.357142857,0,0,0.642857143,0,0.023809524,0.071428571,0,0.071428571,0,0.119047619,0.071428571,1,0,1,0,1,0,0,0,0,0,0,0,0
12,NormalProliferation,Cyclic,0.01953,40,0.5,0,0,0,0,1,0.5,0,0,1,0,0,0,1,0,0,0,0,0,0,0,0,0,0.5,0.4,0,0.2,0,0.25,0.6,0.4,0.5,0.4,0.4,0.5,1,0,0,1,1,0,0,0,0,1,1,0,1,0,0,0.5,0,0,0,0,0,0,0,0,1,0.5,0,1,1,0,0.5,0,1,0,0,0,0,0,0,0,0,0,0,0,1,0.5,0,0,0,1,0.5,1,1,1,0,0,0.75,1,1,1,0.5,1,1,0.5,0,0,1,0,0,1,1,0,0,0,0,0,0,0,0,0,1,0,0,0,0,0,1,1,0,0,0,0,1,0,0.5,0,0.5,0,0.5,0,0,1,0,0,0,0,1,0.75,1,0,0,0,0,0.5,0.75,0,0,0,0,1,0.5,0,1,0,0,0,0,0,0,1,1,0,0,0.4,1,0,1,0.25,0,0,0.75,0,0,0,0,0,0,0,0,1,0,1,0,1,0,0,0,0,0,0,0,0
13,NormalProliferation,Cyclic,0.01562,40,0.5,0,0,0,0,1,0.5,0,0,1,0,0,0,1,0,0,0,0,0,0,0,0,0,0.5,0.4,0,0.2,0,0.25,0.6,0.4,0.5,0.4,0.4,0.5,1,0,0,1,1,0,0,0,0,1,1,0,1,0,0,0.5,0,0,0,0,0,0,0,0,1,0.5,0,1,1,0,0.5,0,1,0,0,0,0,0,0,0,0,0,0,0,1,0.5,0,0,0,1,0.5,1,1,1,0,0,0.75,1,1,1,0.5,1,1,0.5,0,0,1,0,0,1,1,0,0,0,0,0,0,0,0,0,1,0,0,0,0,0,1,1,0,0,0,0,1,0,0.5,0,0.5,0,0.5,0,0,1,0,0,0,0,1,0.75,1,0,0,0,0,0.5,0.75,0,0,0,0,1,0.5,0,1,0,0,0,0,0,0,1,1,0,0,0.4,1,0,1,0.25,0,0,0.75,0,0,0,0,0,0,0,0,1,0,1,0,1,0,0,0,0,0,0,0,0
14,Metastasis + AbnormalProliferation,Cyclic,0.01172,30,0.466666667,0.933333333,0,0.066666667,0,1,0.533333333,0,0,1,0,0,0,0.933333333,0,0,0,0,0,0.066666667,0,0,0,0.466666667,0.4,0,0.2,0.066666667,0.2,0.4,0.4,1,0.2,0.6,0.466666667,1,0,0,0,1,1,0,0.066666667,0,1,1,0,0.066666667,0,0,0.466666667,0,0,0,0,0,0,0,0.066666667,1,0.4,0,0.933333333,0.8,0,0.533333333,0.066666667,1,0,0,0,0,0.933333333,0,0.066666667,0,0.066666667,1,0,1,0.5,0,0.066666667,1,1,0.466666667,1,1,1,0.066666667,0,0.9,1,1,1,0.5,1,0.933333333,0.5,0,0,1,0.933333333,0,0.8,1,0,0.066666667,0,0.066666667,0,0,0,0,0,0.9,0,0,0.066666667,0,0,0,1,0.066666667,0.066666667,0,0,0.533333333,0,0.533333333,0,0.533333333,0,0.466666667,0,0.066666667,1,0,0,0,0.8,0.066666667,0.8,0,0,0,0,0,0.533333333,0.766666667,0,0,0.066666667,0,1,0.466666667,0,1,0,0,0,0,0,0,1,0.8,0,0.2,0.4,0.6,0.6,0.933333333,0.2,0,0,0.8,0.066666667,0,0,0,0.2,0.5,1,0.2,1,0,1,0,1,0,0,0,0,0,0,0,0
15,NormalProliferation,Cyclic,0.01172,40,0.5,0,0,0,0,1,0.5,0,0,1,0,0,0,1,0,0,0,0,0,0,0,0,0,0.5,0.4,0,0.2,0,0.25,0.6,0.4,0.5,0.4,0.4,0.5,1,0,0,1,1,0,0,0,0,1,1,0,1,0,0,0.5,0,0,0,0,0,0,0,0,1,0.5,0,1,1,0,0.5,0,1,0,0,0,0,0,0,0,0,0,0,0,1,0.5,0,0,0,1,0.5,1,1,1,0,0,0.75,1,1,1,0.5,1,1,0.5,0,0,1,0,0,1,1,0,0,0,0,0,0,0,0,0,1,0,0,0,0,0,1,1,0,0,0,0,1,0,0.5,0,0.5,0,0.5,0,0,1,0,0,0,0,1,0.75,1,0,0,0,0,0.5,0.75,0,0,0,0,1,0.5,0,1,0,0,0,0,0,0,1,1,0,0,0.4,1,0,1,0.25,0,0,0.75,0,0,0,0,0,0,0,0,1,0,1,0,1,0,0,0,0,0,0,0,0
16,NormalProliferation,Cyclic,0.01172,40,0.5,0,0,0,0,1,0.5,0,0,1,0,0,0,1,0,0,0,0,0,0,0,0,0,0.5,0.4,0,0.2,0,0.25,0.6,0.4,0.5,0.4,0.4,0.5,1,0,0,1,1,0,0,0,0,1,1,0,1,0,0,0.5,0,0,0,0,0,0,0,0,1,0.5,0,1,1,0,0.5,0,1,0,0,0,0,0,0,0,0,0,0,0,1,0.5,0,0,0,1,0.5,1,1,1,0,0,0.75,1,1,1,0.5,1,1,0.5,0,0,1,0,0,1,1,0,0,0,0,0,0,0,0,0,1,0,0,0,0,0,1,1,0,0,0,0,1,0,0.5,0,0.5,0,0.5,0,0,1,0,0,0,0,1,0.75,1,0,0,0,0,0.5,0.75,0,0,0,0,1,0.5,0,1,0,0,0,0,0,0,1,1,0,0,0.4,1,0,1,0.25,0,0,0.75,0,0,0,0,0,0,0,0,1,0,1,0,1,0,0,0,0,0,0,0,0
17,NormalProliferation,Cyclic,0.01172,40,0.5,0,0,0,0,1,0.5,0,0,1,0,0,0,1,0,0,0,0,0,0,0,0,0,0.5,0.4,0,0.2,0,0.25,0.6,0.4,0.5,0.4,0.4,0.5,1,0,0,1,1,0,0,0,0,1,1,0,1,0,0,0.5,0,0,0,0,0,0,0,0,1,0.5,0,1,1,0,0.5,0,1,0,0,0,0,0,0,0,0,0,0,0,1,0.5,0,0,0,1,0.5,1,1,1,0,0,0.75,1,1,1,0.5,1,1,0.5,0,0,1,0,0,1,1,0,0,0,0,0,0,0,0,0,1,0,0,0,0,0,1,1,0,0,0,0,1,0,0.5,0,0.5,0,0.5,0,0,1,0,0,0,0,1,0.75,1,0,0,0,0,0.5,0.75,0,0,0,0,1,0.5,0,1,0,0,0,0,0,0,1,1,0,0,0.4,1,0,1,0.25,0,0,0.75,0,0,0,0,0,0,0,0,1,0,1,0,1,0,0,0,0,0,0,0,0
18,NormalProliferation,Cyclic,0.01172,42,0.428571429,0.285714286,0,0,0,1,0.5,0,0,0.714285714,0,0,0,1,0,0.571428571,0.571428571,0.285714286,0.571428571,0,0,0,0,0.5,0.357142857,0,0.19047619,0,0.5,0.619047619,0.357142857,0.404761905,0.30952381,0.452380952,0.285714286,0.857142857,0,0,1,0.571428571,0,0,0,0,1,0.928571429,0,1,0,0,0.285714286,0,0,0,0,0,0,0,0,0.571428571,0.357142857,0,1,0.571428571,0.571428571,0.571428571,0.214285714,0.928571429,0,0,0,0,0.214285714,0,0.214285714,0,0.214285714,0,0,0.928571429,0.285714286,0.142857143,0.214285714,0,1,0.428571429,0.571428571,0.571428571,1,0,0,0.642857143,0.928571429,1,1,0.5,1,1,0.5,0.714285714,0.428571429,0.642857143,0.285714286,0,0.571428571,1,0.428571429,0,0.428571429,0.142857143,0.428571429,0,0,0,0,1,0.571428571,0.428571429,0.214285714,0,0.142857143,1,0.857142857,0.571428571,0.571428571,0,0.571428571,0.571428571,0,0.5,0,0.5,0,0.285714286,0,0,0.857142857,0,0,0,0,0.571428571,0.642857143,1,0,0,0,0,0.5,0.714285714,0,0,0,0,0.5,0.5,0,1,0,0,0,0,0,0,0.976190476,0.928571429,1,0.071428571,0.380952381,0.880952381,0.166666667,1,0.357142857,0,0,0.642857143,0,0.023809524,0.071428571,0,0.071428571,0,0.119047619,0.071428571,1,0,1,0,1,0,0,0,0,0,0,0,0
19,NormalProliferation,Cyclic,0.01172,40,0.5,0,0,0,0,1,0.5,0,0,1,0,0,0,1,0,0,0,0,0,0,0,0,0,0.5,0.4,0,0.2,0,0.25,0.6,0.4,0.5,0.4,0.4,0.5,1,0,0,1,1,0,0,0,0,1,1,0,1,0,0,0.5,0,0,0,0,0,0,0,0,1,0.5,0,1,1,0,0.5,0,1,0,0,0,0,0,0,0,0,0,0,0,1,0.5,0,0,0,1,0.5,1,1,1,0,0,0.75,1,1,1,0.5,1,1,0.5,0,0,1,0,0,1,1,0,0,0,0,0,0,0,0,0,1,0,0,0,0,0,1,1,0,0,0,0,1,0,0.5,0,0.5,0,0.5,0,0,1,0,0,0,0,1,0.75,1,0,0,0,0,0.5,0.75,0,0,0,0,1,0.5,0,1,0,0,0,0,0,0,1,1,0,0,0.4,1,0,1,0.25,0,0,0.75,0,0,0,0,0,0,0,0,1,0,1,0,1,0,0,0,0,0,0,0,0
20,NormalProliferation,Cyclic,0.00781,40,0.5,0,0,0,0,1,0.5,0,0,1,0,0,1,1,0,0,0,0,0,0,0,0,0,0.25,0.4,0,0.2,0,0.25,0.6,0.4,0.5,0.4,0.4,0.5,1,0,0,1,1,0,0,0,0,1,1,0,1,1,0,0.5,0,0.5,1,0,0,0.75,1,0,1,0.5,0,1,1,0,0.5,0,1,0,0,0,0,0,0,0,0,0,0,0,1,0.5,0,0,0,1,0.5,1,1,1,0,1,0.75,1,1,1,0.5,1,1,0.5,0,0,1,0,0.5,1,1,0,0,0,0,0,0,0,1,0,1,0,0,0,0,0,1,1,0.25,0.25,0.25,0,1,0,0.5,0,0.5,0,0.5,0,0,1,0,0,0,0,1,0.75,1,0,0,0,0,0.5,0.75,0,0,0,0,1,0.5,0,1,0,0,1,0,0,0,1,1,0,0,0.4,1,0,1,0.25,0,0,0.75,0,0,0,0,0,0,0,0,1,0,1,0,1,0,0,0,0,0,0,0,0
21,NormalProliferation,Cyclic,0.00781,40,0.5,0,0,0,0,1,0.5,0,0,1,0,0,0,1,0,0,0,0,0,0,0,0,0,0.5,0.4,0,0.2,0,0.25,0.6,0.4,0.5,0.4,0.4,0.5,1,0,0,1,1,0,0,0,0,1,1,0,1,0,0,0.5,0,0,0,0,0,0,0,0,1,0.5,0,1,1,0,0.5,0,1,0,0,0,0,0,0,0,0,0,0,0,1,0.5,0,0,0,1,0.5,1,1,1,0,0,0.75,1,1,1,0.5,1,1,0.5,0,0,1,0,0,1,1,0,0,0,0,0,0,0,0,0,1,0,0,0,0,0,1,1,0,0,0,0,1,0,0.5,0,0.5,0,0.5,0,0,1,0,0,0,0,1,0.75,1,0,0,0,0,0.5,0.75,0,0,0,0,1,0.5,0,1,0,0,0,0,0,0,1,1,0,0,0.4,1,0,1,0.25,0,0,0.75,0,0,0,0,0,0,0,0,1,0,1,0,1,0,0,0,0,0,0,0,0
22,NormalProliferation,Cyclic,0.00781,16,0.375,0.5,0,0,0,1,0.5,0,0,0.75,0,0,0.125,1,0,0.75,0.75,0.5,0.75,0,0,0,0,0.5,0.375,0,0.1875,0,0.25,0.625,0.375,0.375,0.3125,0.5,0.5,1,0,0,1,0.75,0,0,0,0,1,1,0,1,0.125,0,0.5,0.5,0.5,0.5,0,0.75,0.75,0.75,0,0.75,0.3125,0,1,0.75,0.75,0.625,0,1,0,0,0,0,0.75,0,0,0,0,0,0,1,0.5,0,0,0,1,0.375,0.75,0.75,1,0,0.125,0.75,1,1,1,0.5,1,1,0.5,0,0.875,0.5,0.5,0.75,0.5,1,0.25,0,0.25,0,0.875,0,0.125,0.125,0.125,1,0.75,0.875,0,0,0.25,1,0.75,0.75,0.75,0,0,0.75,0,0.5,0,0.5,0,0.5,0,0,0.75,0,0,0,0,0.75,0.75,1,0,0,0,0,0.5,1,0,0,0,0,0.75,0.5,0,1,0,1,1,1,0,0,1,0.875,0,0.125,0.375,0.8125,0.25,1,0.25,0,0,0.75,0,0,0.0625,0,0.125,0,0.1875,0.125,1,0,1,0,1,0,0,0,0,0,0,0,0
23,NormalProliferation,Cyclic,0.00781,48,0.375,0.5,0,0,0,1,0.5,0,0,0.75,0,0,0.125,1,0,0.75,0.75,0.5,0.75,0,0,0,0,0.5,0.375,0,0.1875,0,0.416666667,0.625,0.375,0.375,0.3125,0.5,0.5,1,0,0,1,0.75,0,0,0,0,1,1,0,1,0.125,0.333333333,0.5,0.5,0.5,0,0.666666667,0.75,0.75,0,0,0.75,0.3125,0,1,0.75,0.75,0.625,0,1,0,0,0,0,0.75,0,0,0,0,0,0,1,0.5,0,0,0,1,0.375,0.75,0.75,1,0,0.125,0.75,1,1,1,0.5,1,1,0.5,0,0.875,0.5,0.5,0.75,0.5,1,0.25,0,0.25,0,0.875,0.125,0.125,0.125,0,1,0.75,0.875,0,0,0.25,1,0.75,0.75,0.75,0,0,0.75,0,0.5,0,0.5,0,0.5,0,0,0.75,0,0,0,0,0.75,0.75,1,0,0,0,0,0.5,1,0,0,0,0,0.75,0.5,0,1,1,1,1,0,0,0,1,0.875,0,0.125,0.375,0.8125,0.25,1,0.25,0,0,0.75,0,0,0.0625,0,0.125,0,0.1875,0.125,1,0,1,0,1,0,0,0,0,0,0,0,0
24,NormalProliferation,Cyclic,0.00781,40,0.5,0,0,0,0,1,0.5,0,0,1,0,0,0,1,0,0,0,0,0,0,0,0,0,0.5,0.4,0,0.2,0,0.25,0.6,0.4,0.5,0.4,0.4,0.5,1,0,0,1,1,0,0,0,0,1,1,0,1,0,0,0.5,0,0,0,0,0,0,0,0,1,0.5,0,1,1,0,0.5,0,1,0,0,0,0,0,0,0,0,0,0,0,1,0.5,0,0,0,1,0.5,1,1,1,0,0,0.75,1,1,1,0.5,1,1,0.5,0,0,1,0,0,1,1,0,0,0,0,0,0,0,0,0,1,0,0,0,0,0,1,1,0,0,0,0,1,0,0.5,0,0.5,0,0.5,0,0,1,0,0,0,0,1,0.75,1,0,0,0,0,0.5,0.75,0,0,0,0,1,0.5,0,1,0,0,0,0,0,0,1,1,0,0,0.4,1,0,1,0.25,0,0,0.75,0,0,0,0,0,0,0,0,1,0,1,0,1,0,0,0,0,0,0,0,0
25,Metastasis + AbnormalProliferation,Cyclic,0.00781,40,0.5,1,0,0,0,1,0.5,0,0,1,0,0,0,1,0,0,0,0,0,0,0,0,0,0.5,0.4,0,0.2,0,0.25,0.6,0.4,1,0.4,0.4,0.5,1,0,0,0,1,1,0,0,0,1,1,0,0,0,0,0.5,0,0,0,0,0,0,0,0,1,0.5,0,1,0.75,0,0.5,0,1,0,0,0,0,1,0,0,0,0,1,0,1,0.5,0,0,1,1,0.5,1,1,1,0,0,0.75,1,1,1,0.5,1,1,0.5,0,0,1,1,0,0.75,1,0,0,0,0,0,0,0,0,0,1,0,0,0,0,0,1,1,0,0,0,0,0.5,0,0.5,0,0.5,0,0.5,0,0,1,0,0,0,1,0,0.75,0,0,0,0,0,0.5,0.75,0,0,0,0,1,0.5,0,1,0,0,0,0,0,0,1,1,0,0,0.4,1,0,1,0.25,0,0,0.75,0,0,0,0,0,0.5,0,0,1,0,1,0,1,0,0,0,0,0,0,0,0
26,NormalProliferation,Cyclic,0.00781,40,0.5,0,0,0,0,1,0.5,0,0,1,0,0,0,1,0,0,0,0,0,0,0,0,0,0.5,0.4,0,0.2,0,0.25,0.6,0.4,0.5,0.4,0.4,0.5,1,0,0,1,1,0,0,0,0,1,1,0,1,0,0,0.5,0,0,0,0,0,0,0,0,1,0.5,0,1,1,0,0.5,0,1,0,0,0,0,0,0,0,0,0,0,0,1,0.5,0,0,0,1,0.5,1,1,1,0,0,0.75,1,1,1,0.5,1,1,0.5,0,0,1,0,0,1,1,0,0,0,0,0,0,0,0,0,1,0,0,0,0,0,1,1,0,0,0,0,1,0,0.5,0,0.5,0,0.5,0,0,1,0,0,0,0,1,0.75,1,0,0,0,0,0.5,0.75,0,0,0,0,1,0.5,0,1,0,0,0,0,0,0,1,1,0,0,0.4,1,0,1,0.25,0,0,0.75,0,0,0,0,0,0,0,0,1,0,1,0,1,0,0,0,0,0,0,0,0
27,NormalProliferation,Cyclic,0.00781,48,0.375,0.5,0,0,0,1,0.5,0,0,0.75,0,0,0.125,1,0,0.75,0.75,0.5,0.75,0,0,0,0,0.5,0.375,0,0.1875,0,0.416666667,0.625,0.375,0.375,0.3125,0.5,0.5,1,0,0,1,0.75,0,0,0,0,1,1,0,1,0.125,0.333333333,0.5,0.5,0.5,0,0.666666667,0.75,0.75,0,0,0.75,0.3125,0,1,0.75,0.75,0.625,0,1,0,0,0,0,0.75,0,0,0,0,0,0,1,0.5,0,0,0,1,0.375,0.75,0.75,1,0,0.125,0.75,1,1,1,0.5,1,1,0.5,0,0.875,0.5,0.5,0.75,0.5,1,0.25,0,0.25,0,0.875,0.125,0.125,0.125,0,1,0.75,0.875,0,0,0.25,1,0.75,0.75,0.75,0,0,0.75,0,0.5,0,0.5,0,0.5,0,0,0.75,0,0,0,0,0.75,0.75,1,0,0,0,0,0.5,1,0,0,0,0,0.75,0.5,0,1,1,1,1,0,0,0,1,0.875,0,0.125,0.375,0.8125,0.25,1,0.25,0,0,0.75,0,0,0.0625,0,0.125,0,0.1875,0.125,1,0,1,0,1,0,0,0,0,0,0,0,0
28,NormalProliferation,Cyclic,0.00781,40,0.5,0,0,0,0,1,0.5,0,0,1,0,0,0,1,0,0,0,0,0,0,0,0,0,0.5,0.4,0,0.2,0,0.25,0.6,0.4,0.5,0.4,0.4,0.5,1,0,0,1,1,0,0,0,0,1,1,0,1,0,0,0.5,0,0,0,0,0,0,0,0,1,0.5,0,1,1,0,0.5,0,1,0,0,0,0,0,0,0,0,0,0,0,1,0.5,0,0,0,1,0.5,1,1,1,0,0,0.75,1,1,1,0.5,1,1,0.5,0,0,1,0,0,1,1,0,0,0,0,0,0,0,0,0,1,0,0,0,0,0,1,1,0,0,0,0,1,0,0.5,0,0.5,0,0.5,0,0,1,0,0,0,0,1,0.75,1,0,0,0,0,0.5,0.75,0,0,0,0,1,0.5,0,1,0,0,0,0,0,0,1,1,0,0,0.4,1,0,1,0.25,0,0,0.75,0,0,0,0,0,0,0,0,1,0,1,0,1,0,0,0,0,0,0,0,0
29,NormalProliferation,Cyclic,0.00781,40,0.5,0,0,0,0,1,0.5,0,0,1,0,0,0,1,0,0,0,0,0,0,0,0,0,0.5,0.4,0,0.2,0,0.25,0.6,0.4,0.5,0.4,0.4,0.5,1,0,0,1,1,0,0,0,0,1,1,0,1,0,0,0.5,0,0,0,0,0,0,0,0,1,0.5,0,1,1,0,0.5,0,1,0,0,0,0,0,0,0,0,0,1,0,1,0.5,0,0,0,1,0.5,1,1,1,0,0,0.75,1,1,1,0.5,1,1,0.5,0,0,1,0,0,1,1,0,0,0,0,0,0,0,0,0,1,0,0,0,0,0,1,1,0,0,0,0,1,0,0.5,0,0.5,0,0.5,0,0,1,0,0,0,0,1,0.75,1,0,0,0,0,0.5,0.75,0,0,0,0,1,0.5,0,1,0,0,0,0,0,0,1,1,0,0,0.4,1,0,1,0.25,0,0,0.75,0,0,0,0,0,0,0,0,1,0,1,0,1,0,0,0,0,0,0,0,0
30,NormalProliferation,Cyclic,0.00781,48,0.375,0.5,0,0,0,1,0.5,0,0,0.75,0,0,0.125,1,0,0.75,0.75,0.5,0.75,0,0,0,0,0.5,0.375,0,0.1875,0,0.416666667,0.625,0.375,0.375,0.3125,0.5,0.5,1,0,0,1,0.75,0,0,0,0,1,1,0,1,0.125,0.333333333,0.5,0.5,0.5,0,0.666666667,0.75,0.75,0,0,0.75,0.3125,0,1,0.75,0.75,0.625,0,1,0,0,0,0,0.75,0,0,0,0,0,0,1,0.5,0,0,0,1,0.375,0.75,0.75,1,0,0.125,0.75,1,1,1,0.5,1,1,0.5,0,0.875,0.5,0.5,0.75,0.5,1,0.25,0,0.25,0,0.875,0.125,0.125,0.125,0,1,0.75,0.875,0,0,0.25,1,0.75,0.75,0.75,0,0,0.75,0,0.5,0,0.5,0,0.5,0,0,0.75,0,0,0,0,0.75,0.75,1,0,0,0,0,0.5,1,0,0,0,0,0.75,0.5,0,1,1,1,1,0,0,0,1,0.875,0,0.125,0.375,0.8125,0.25,1,0.25,0,0,0.75,0,0,0.0625,0,0.125,0,0.1875,0.125,1,0,1,0,1,0,0,0,0,0,0,0,0
31,NormalProliferation,Cyclic,0.00391,40,0.5,0,0,0,0,1,0.5,0,0,1,0,0,1,1,0,0,0,0,0,0,0,0,0,0.5,0.4,0,0.2,0,0.25,0.6,0.4,0.5,0.4,0.4,0.5,1,0,0,1,1,0,0,0,0,1,1,0,1,1,0,0.5,0,0.5,1,0,0,0.75,1,0,1,0.5,0,1,1,0,0.5,0,1,0,0,0,0,0,0,0,0,0,0,0,1,0.5,0,0,0,1,0.5,1,1,1,0,1,0.75,1,1,1,0.5,1,1,0.5,0,0,1,0,0.5,1,1,0,0,0,0,0,0,0,1,0,1,0,0,0,0,0,1,1,0.25,0.25,0.25,0,1,0,0.5,0,0.5,0,0.5,0,0,1,0,0,0,0,1,0.75,1,0,0,0,0,0.5,0.75,0,0,0,0,1,0.5,0,1,0,0,1,0,0,0,1,1,0,0,0.4,1,0,1,0.25,0,0,0.75,0,0,0,0,0,0,0,0,1,0,1,0,1,0,0,0,0,0,0,0,0
32,NormalProliferation,Cyclic,0.00391,40,0.5,0,0,0,0,1,0.5,0,0,1,0,0,0,1,0,0,0,0,0,0,0,0,0,0.5,0.4,0,0.2,0,0.25,0.6,0.4,0.5,0.4,0.4,0.5,1,0,0,1,1,0,0,0,0,1,1,0,1,0,0,0.5,0,0,0,0,0,0,0,0,1,0.5,0,1,1,0,0.5,0,1,0,0,0,0,0,0,0,0,0,0,0,1,0.5,0,0,0,1,0.5,1,1,1,0,0,0.75,1,1,1,0.5,1,1,0.5,0,0,1,0,0,1,1,0,0,0,0,0,0,0,0,0,1,0,0,0,0,0,1,1,0,0,0,0,1,0,0.5,0,0.5,0,0.5,0,0,1,0,0,0,0,1,0.75,1,0,0,0,0,0.5,0.75,0,0,0,0,1,0.5,0,1,0,0,0,0,0,0,1,1,0,0,0.4,1,0,1,0.25,0,0,0.75,0,0,0,0,0,0,0,0,1,0,1,0,1,0,0,0,0,0,0,0,0
33,Metastasis + AbnormalProliferation,Cyclic,0.00391,30,0.466666667,0.933333333,0,0.066666667,0,1,0.533333333,0,0,1,0,0,0,0.933333333,0,0,0,0,0,0.066666667,0,0,0,0.466666667,0.4,0,0.2,0.066666667,0.2,0.4,0.4,1,0.2,0.6,0.466666667,1,0,0,0,1,1,0,0.066666667,0,1,1,0,0.066666667,0,0,0.466666667,0,0,0,0,0,0,0,0.066666667,1,0.4,0,0.933333333,0.8,0,0.533333333,0.066666667,1,0,0,0,0,0.933333333,0,0.066666667,0,0.066666667,1,0,1,0.5,0,0.066666667,1,1,0.466666667,1,1,1,0.066666667,0,0.9,1,1,1,0.5,1,0.933333333,0.5,0,0,1,0.933333333,0,0.8,1,0,0.066666667,0,0.066666667,0,0,0,0,0,0.9,0,0,0.066666667,0,0,0,1,0.066666667,0.066666667,0,0,0.533333333,0,0.533333333,0,0.533333333,0,0.466666667,0,0.066666667,1,0,0,0,0.8,0.066666667,0.8,0,0,0,0,0,0.533333333,0.766666667,0,0,0.066666667,0,1,0.466666667,0,1,0,0,0,0,0,0,1,0.8,0,0.2,0.4,0.6,0.6,0.933333333,0.2,0,0,0.8,0.066666667,0,0,0,0.2,0.5,1,0.2,1,0,1,0,1,0,0,0,0,0,0,0,0
34,NormalProliferation,Cyclic,0.00391,40,0.5,0,0,0,0,1,0.5,0,0,1,0,0,0,1,0,0,0,0,0,0,0,0,0,0.5,0.4,0,0.2,0,0.25,0.6,0.4,0.5,0.4,0.4,0.5,1,0,0,1,1,0,0,0,0,1,1,0,1,0,0,0.5,0,0,0,0,0,0,0,0,1,0.5,0,1,1,0,0.5,0,1,0,0,0,0,0,0,0,0,0,0,0,1,0.5,0,0,0,1,0.5,1,1,1,0,0,0.75,1,1,1,0.5,1,1,0.5,0,0,1,0,0,1,1,0,0,0,0,0,0,0,0,0,1,0,0,0,0,0,1,1,0,0,0,0,1,0,0.5,0,0.5,0,0.5,0,0,1,0,0,0,0,1,0.75,1,0,0,0,0,0.5,0.75,0,0,0,0,1,0.5,0,1,0,0,0,0,0,0,1,1,0,0,0.4,1,0,1,0.25,0,0,0.75,0,0,0,0,0,0,0,0,1,0,1,0,1,0,0,0,0,0,0,0,0
35,NormalProliferation,Cyclic,0.00391,40,0.5,0,0,0,0,1,0.5,0,0,1,0,0,0,1,0,0,0,0,0,0,0,0,0,0.5,0.4,0,0.2,0,0.25,0.6,0.4,0.5,0.4,0.4,0.5,1,0,0,1,1,0,0,0,0,1,1,0,1,1,0,0.5,0,0,1,0,0,0,1,0,1,0.5,0,1,1,0,0.5,0,1,0,0,0,0,0,0,0,0,0,0,0,1,0.5,0,0,0,1,0.5,1,1,1,0,0,0.75,1,1,1,0.5,1,1,0.5,0,0,1,0,0,1,1,0,0,0,0,0,0,0,0,0,1,0,0,0,0,0,1,1,0,0,0,0,1,0,0.5,0,0.5,0,0.5,0,0,1,0,0,0,0,1,0.75,1,0,0,0,0,0.5,0.75,0,0,0,0,1,0.5,0,1,0,0,0,0,0,0,1,1,0,0,0.4,1,0,1,0.25,0,0,0.75,0,0,0,0,0,0,0,0,1,0,1,0,1,0,0,0,0,0,0,0,0
36,Metastasis + NormalProliferation,Cyclic,0.00391,40,0.5,0,0,0,0,1,0.5,0,0,1,0,0,0,1,0,0,0,0,0,0,0,0,0,0.5,0.4,0,0.2,0,0.25,0.6,0.4,0.5,0.4,0.4,0.5,1,0,0,0,1,0,0,0,0,1,1,0,1,0,0,0.5,0,0,0,0,0,0,0,0,1,0.5,0,1,1,0,0.5,0,1,0,0,0,0,0,0,0,0,0,1,0,1,0.5,0,0,0,1,0.5,1,1,1,0,0,0.75,1,1,1,0.5,1,1,0.5,0,0,1,0,0,1,1,0,0,0,0,0,0,0,0,0,1,0,0,0,0,0,1,1,0,0,0,0,1,0,0.5,0,0.5,0,0.5,0,0,1,0,0,0,0,1,0.75,1,0,0,0,0,0.5,0.75,0,0,0,0,1,0.5,0,1,0,0,0,0,0,0,1,1,0,0,0.4,1,0,1,0.25,0,0,0.75,0,0,0,0,0,0,0,0,1,0,1,0,1,0,0,0,0,0,0,0,0
37,Metastasis + AbnormalProliferation,Cyclic,0.00391,30,0.466666667,0.933333333,0,0.066666667,0,1,0.533333333,0,0,1,0,0,0,0.933333333,0,0,0,0,0,0.066666667,0,0,0,0.466666667,0.4,0,0.2,0.066666667,0.2,0.4,0.4,1,0.2,0.6,0.466666667,1,0,0,0,1,1,0,0.066666667,0,1,1,0,0.066666667,0,0,0.466666667,0,0,0,0,0,0,0,0.066666667,1,0.4,0,0.933333333,0.8,0,0.533333333,0.066666667,1,0,0,0,0,0.933333333,0,0.066666667,0,0.066666667,1,0,1,0.5,0,0.066666667,1,1,0.466666667,1,1,1,0.066666667,0,0.9,1,1,1,0.5,1,0.933333333,0.5,0,0,1,0.933333333,0,0.8,1,0,0.066666667,0,0.066666667,0,0,0,0,0,0.9,0,0,0.066666667,0,0,0,1,0.066666667,0.066666667,0,0,0.533333333,0,0.533333333,0,0.533333333,0,0.466666667,0,0.066666667,1,0,0,0,0.8,0.066666667,0.8,0,0,0,0,0,0.533333333,0.766666667,0,0,0.066666667,0,1,0.466666667,0,1,0,0,0,0,0,0,1,0.8,0,0.2,0.4,0.6,0.6,0.933333333,0.2,0,0,0.8,0.066666667,0,0,0,0.2,0.5,1,0.2,1,0,1,0,1,0,0,0,0,0,0,0,0
38,Metastasis,Cyclic,0.00391,30,0.466666667,0.933333333,0,0.066666667,0,1,0.533333333,0,0,1,0,0,0,0.933333333,0,0,0,0,0,0.066666667,0,0,0,0.466666667,0.4,0,0.2,0.066666667,0.2,0,0.4,1,0.4,0.6,0.466666667,1,0,0,0,1,1,0,0.066666667,0,1,1,0,0.066666667,0,0,0.466666667,0,0,0,0,0,0,0,0.066666667,1,0.4,0,0.933333333,0.8,0,0.533333333,0.066666667,1,0,0,0,0,0.933333333,0,0.066666667,0,0.066666667,1,0,1,0.5,0,0.066666667,1,1,0.466666667,1,1,1,0.066666667,0,0.9,1,1,1,0.5,1,0.933333333,0.5,0,0,1,0.933333333,0,0.8,1,0,0.066666667,0,0.066666667,0,0,0,0,0,0.9,0,0,0.066666667,0,0,0,1,0.066666667,0.066666667,0,0,0.533333333,0,0.533333333,0,0.533333333,0,0.466666667,0,0.066666667,1,0,0,0,0.8,0.066666667,0.8,0,0,0,0,0,0.533333333,0.766666667,0,0,0.066666667,0,1,0.466666667,0,1,0,0,0,0,0,0,1,0.8,0,0.2,0.4,0.6,0.6,0.933333333,0.2,0,0,0.8,0.066666667,0,0,0,0.2,0.5,1,0.2,1,0,1,0,1,0,0,0,0,0,0,0,0
39,Metastasis + AbnormalProliferation,Cyclic,0.00391,40,0.5,1,0,0,0,1,0.5,0,0,1,0,0,0,1,0,0,0,0,0,0,0,0,0,0.5,0.4,0,0.2,0,0.25,0.6,0.4,1,0.4,0.4,0.5,1,0,0,0,1,1,0,0,0,1,1,0,0,0,0,0.5,0,0,0,0,0,0,0,0,1,0.5,0,1,0.75,0,0.5,0,1,0,0,0,0,1,0,0,0,0,1,0,1,0.5,0,0,1,1,0.5,1,1,1,0,0,0.75,1,1,1,0.5,1,1,0.5,0,0,1,1,0,0.75,1,0,0,0,0,0,0,0,0,0,1,0,0,0,0,0,0,1,0,0,0,0,0.5,0,0.5,0,0.5,0,0.5,0,0,1,0,0,0,1,0,0.75,0,0,0,0,0,0.5,0.75,0,0,0,0,1,0.5,0,1,0,0,0,0,0,0,1,1,0,0,0.4,1,0,1,0.25,0,0,0.75,0,0,0,0,0,0.5,0,0,1,0,1,0,1,0,0,0,0,0,0,0,0
40,NormalProliferation,Cyclic,0.00391,48,0.375,0.5,0,0,0,1,0.5,0,0,0.75,0,0,0.125,1,0,0.75,0.75,0.5,0.75,0,0,0,0,0.5,0.375,0,0.1875,0,0.416666667,0.625,0.375,0.375,0.3125,0.5,0.5,1,0,0,1,0.75,0,0,0,0,1,1,0,1,0.125,0.333333333,0.5,0.5,0.5,0.5,0.666666667,0.75,0.75,0.75,0,0.75,0.3125,0,1,0.75,0.75,0.625,0,1,0,0,0,0,0.75,0,0,0,0,0,0,1,0.5,0,0,0,1,0.375,0.75,0.75,1,0,0.125,0.75,1,1,1,0.5,1,1,0.5,0,0.875,0.5,0.5,0.75,0.5,1,0.25,0,0.25,0,0.875,0.125,0.125,0.125,0.125,1,0.75,0.875,0,0,0.25,1,0.75,0.75,0.75,0,0,0.75,0,0.5,0,0.5,0,0.5,0,0,0.75,0,0,0,0,0.75,0.75,1,0,0,0,0,0.5,1,0,0,0,0,0.75,0.5,0,1,1,1,1,1,0,0,1,0.875,0,0.125,0.375,0.8125,0.25,1,0.25,0,0,0.75,0,0,0.0625,0,0.125,0,0.1875,0.125,1,0,1,0,1,0,0,0,0,0,0,0,0
41,Metastasis + AbnormalProliferation,Cyclic,0.00391,40,0.5,1,0,0,0,1,0.5,0,0,1,0,0,0,1,0,0,0,0,0,0,0,0,0,0.5,0.4,0,0.2,0,0.25,0.6,0.4,1,0.4,0.4,0.5,1,0,0,0,1,1,0,0,0,1,1,0,0,0,0,0.5,0,0,0,0,0,0,0,0,1,0.5,0,1,0.75,0,0.5,0,1,0,0,0,0,1,0,0,0,0,1,0,1,0.5,0,0,1,1,0.5,1,1,1,0,0,0.75,1,1,1,0.5,1,1,0.5,0,0,1,1,0,0.75,1,0,0,0,0,0,0,0,0,0,1,0,0,0,0,0,0,1,0,0,0,0,0.5,0,0.5,0,0.5,0,0.5,0,0,1,0,0,0,1,0,0.75,0,0,0,0,0,0.5,0.75,0,0,0,0,1,0.5,0,1,0,0,0,0,0,0,1,1,0,0,0.4,1,0,1,0.25,0,0,0.75,0,0,0,0,0,0.5,0,0,1,0,1,0,1,0,0,0,0,0,0,0,0
42,NormalProliferation,Cyclic,0.00391,40,0.4,0.55,0,0.1,0,1,0.5,0,0.3,0.7,0.3,0,0.075,0.85,0,0.75,0.75,0.5,0.75,0.1,0,0,0,0.4,0.4,0.35,0.2,0.1,0.4,0.525,0.4,0.55,0.325,0.55,0.5,1,0,0,0.55,0.75,0.3,0,0.15,0,1,1,0,0.6,0.075,0.4,0.4,0.5,0.4,0,0.7,0.75,0.7,0,0.1,0.85,0.3,0,0.85,0.85,0.75,0.6,0.15,1,0,0,0,0,0.5,0,0.4,0,0.4,0.975,0.2,1,0.5,0.05,0.4,0.3,1,0.4,0.85,0.85,1,0.35,0.075,0.75,1,1,1,0.5,1,0.85,0.5,0,0.875,0.5,0.55,0.8,0.45,1,0.25,0.15,0.25,0,0.875,0.075,0.075,0.075,0,0.75,0.6,0.875,0.15,0.275,0.375,0.55,0.65,0.75,0.75,0,0,0.775,0.2,0.5,0,0.5,0,0.4,0,0.1,0.85,0,0,0,0.225,0.5,0.75,0.525,0,0,0,0,0.5,0.85,0,0,0.15,0,0.75,0.5,0.3,1,1,1,1,0,0,0,1,0.85,0,0.15,0.4,0.75,0.3,0.9,0.2,0,0,0.75,0.15,0,0.05,0,0.15,0.15,0.4,0.15,1,0,1,0,1,0,0,0,0,0,0,0,0
43,NormalProliferation,Cyclic,0.00391,40,0.5,0,0,0,0,1,0.5,0,0,1,0,0,1,1,0,0,0,0,0,0,0,0,0,0.25,0.4,0,0.2,0,0.25,0.6,0.4,0.5,0.4,0.4,0.5,1,0,0,1,1,0,0,0,0,1,1,0,1,1,0,0.5,0,0.5,1,0,0,0.75,1,0,1,0.5,0,1,1,0,0.5,0,1,0,0,0,0,0,0,0,0,0,1,0,1,0.5,0,0,0,1,0.5,1,1,1,0,1,0.75,1,1,1,0.5,1,1,0.5,0,0,1,0,0.5,1,1,0,0,0,0,0,0,0,1,0,1,0,0,0,0,0,1,1,0.25,0.25,0.25,0,1,0,0.5,0,0.5,0,0.5,0,0,1,0,0,0,0,1,0.75,1,0,0,0,0,0.5,0.75,0,0,0,0,1,0.5,0,1,0,0,1,0,0,0,1,1,0,0,0.4,1,0,1,0.25,0,0,0.75,0,0,0,0,0,0,0,0,1,0,1,0,1,0,0,0,0,0,0,0,0
44,Metastasis + NormalProliferation,Cyclic,0.00391,40,0.5,0,0,0,0,1,0.5,0,0,1,0,0,0.75,1,0,0,0,0,0,0,0,0,0,0.25,0.4,0,0.2,0,0.25,0.6,0.4,0.5,0.4,0.4,0.5,1,0,0,0,1,0,0,0,0,1,1,0,1,0.75,0,0.5,0,0.5,0,0,0,0.75,0,0,1,0.5,0,1,1,0,0.5,0,1,0,0,0,0,0,0,0,0,0,1,0,1,0.5,0,0,0,1,0.5,1,1,1,0,0.75,0.75,1,1,1,0.5,1,1,0.5,0,0,1,0,0.5,1,1,0,0,0,0,0,0,0,0.75,0,1,0,0,0,0,0,1,1,0.25,0.25,0.25,0,1,0,0.5,0,0.5,0,0.5,0,0,1,0,0,0,0,1,0.75,1,0,0,0,0,0.5,0.75,0,0,0,0,1,0.5,0,1,0,0,1,0,0,0,1,1,0,0,0.4,1,0,1,0.25,0,0,0.75,0,0,0,0,0,0,0,0,1,0,1,0,1,0,0,0,0,0,0,0,0
45,NormalProliferation,Cyclic,0.00391,40,0.5,0,0,0,0,1,0.5,0,0,1,0,0,0,1,0,0,0,0,0,0,0,0,0,0.5,0.4,0,0.2,0,0.25,0.6,0.4,0.5,0.4,0.4,0.5,1,0,0,1,1,0,0,0,0,1,1,0,1,1,0,0.5,0,0,1,0,0,0,1,0,1,0.5,0,1,1,0,0.5,0,1,0,0,0,0,0,0,0,0,0,0,0,1,0.5,0,0,0,1,0.5,1,1,1,0,0,0.75,1,1,1,0.5,1,1,0.5,0,0,1,0,0,1,1,0,0,0,0,0,0,0,0,0,1,0,0,0,0,0,1,1,0,0,0,0,1,0,0.5,0,0.5,0,0.5,0,0,1,0,0,0,0,1,0.75,1,0,0,0,0,0.5,0.75,0,0,0,0,1,0.5,0,1,0,0,0,0,0,0,1,1,0,0,0.4,1,0,1,0.25,0,0,0.75,0,0,0,0,0,0,0,0,1,0,1,0,1,0,0,0,0,0,0,0,0
46,NormalProliferation,Cyclic,0.00391,40,0.5,0,0,0,0,1,0.5,0,0,1,0,0,0,1,0,0,0,0,0,0,0,0,0,0.5,0.4,0,0.2,0,0.25,0.6,0.4,0.5,0.4,0.4,0.5,1,0,0,1,1,0,0,0,0,1,1,0,1,0,0,0.5,0,0,0,0,0,0,0,0,1,0.5,0,1,1,0,0.5,0,1,0,0,0,0,0,0,0,0,0,0,0,1,0.5,0,0,0,1,0.5,1,1,1,0,0,0.75,1,1,1,0.5,1,1,0.5,0,0,1,0,0,1,1,0,0,0,0,0,0,0,0,0,1,0,0,0,0,0,1,1,0,0,0,0,1,0,0.5,0,0.5,0,0.5,0,0,1,0,0,0,0,1,0.75,1,0,0,0,0,0.5,0.75,0,0,0,0,1,0.5,0,1,0,0,0,0,0,0,1,1,0,0,0.4,1,0,1,0.25,0,0,0.75,0,0,0,0,0,0,0,0,1,0,1,0,1,0,0,0,0,0,0,0,0
47,NormalProliferation,Cyclic,0.00391,40,0.5,0,0,0,0,1,0.5,0,0,1,0,0,0,1,0,0,0,0,0,0,0,0,0,0.5,0.4,0,0.2,0,0.25,0.6,0.4,0.5,0.4,0.4,0.5,1,0,0,1,1,0,0,0,0,1,1,0,1,0,0,0.5,0,0,0,0,0,0,0,0,1,0.5,0,1,1,0,0.5,0,1,0,0,0,0,0,0,0,0,0,0,0,1,0.5,0,0,0,1,0.5,1,1,1,0,0,0.75,1,1,1,0.5,1,1,0.5,0,0,1,0,0,1,1,0,0,0,0,0,0,0,0,0,1,0,0,0,0,0,1,1,0,0,0,0,1,0,0.5,0,0.5,0,0.5,0,0,1,0,0,0,0,1,0.75,1,0,0,0,0,0.5,0.75,0,0,0,0,1,0.5,0,1,0,0,0,0,0,0,1,1,0,0,0.4,1,0,1,0.25,0,0,0.75,0,0,0,0,0,0,0,0,1,0,1,0,1,0,0,0,0,0,0,0,0
48,Metastasis + AbnormalProliferation,Cyclic,0.00391,30,0.466666667,0.933333333,0,0.066666667,0,1,0.533333333,0,0,1,0,0,0,0.933333333,0,0,0,0,0,0.066666667,0,0,0,0.466666667,0.4,0,0.2,0.066666667,0.2,0.4,0.4,1,0.2,0.6,0.466666667,1,0,0,0,1,1,0,0.066666667,0,1,1,0,0.066666667,0,0,0.466666667,0,0,0,0,0,0,0,0.066666667,1,0.4,0,0.933333333,0.8,0,0.533333333,0.066666667,1,0,0,0,0,0.933333333,0,0.066666667,0,0.066666667,1,0,1,0.5,0,0.066666667,1,1,0.466666667,1,1,1,0.066666667,0,0.9,1,1,1,0.5,1,0.933333333,0.5,0,0,1,0.933333333,0,0.8,1,0,0.066666667,0,0.066666667,0,0,0,0,0,0.9,0,0,0.066666667,0,0,0,1,0.066666667,0.066666667,0,0,0.533333333,0,0.533333333,0,0.533333333,0,0.466666667,0,0.066666667,1,0,0,0,0.8,0.066666667,0.8,0,0,0,0,0,0.533333333,0.766666667,0,0,0.066666667,0,1,0.466666667,0,1,0,0,0,0,0,0,1,0.8,0,0.2,0.4,0.6,0.6,0.933333333,0.2,0,0,0.8,0.066666667,0,0,0,0.2,0.5,1,0.2,1,0,1,0,1,0,0,0,0,0,0,0,0
49,NormalProliferation,Cyclic,0.00391,48,0.375,0.5,0,0,0,1,0.5,0,0,0.75,0,0,0.125,1,0,0.75,0.75,0.5,0.75,0,0,0,0,0.5,0.375,0,0.1875,0,0.416666667,0.5625,0.375,0.375,0.25,0.5,0.5,1,0,0,1,0.75,0,0,0,0,1,1,0,1,0.125,0.333333333,0.5,0.5,0.5,0,0.666666667,0.75,0.75,0,0,0.75,0.3125,0,1,0.75,0.75,0.625,0,1,0,0,0,0,0.75,0,0,0,0,0,0,1,0.5,0,0,0,1,0.375,0.75,0.75,1,0,0.125,0.75,1,1,1,0.5,1,1,0.5,0,0.875,0.5,0.5,0.75,0.5,1,0.25,0,0.25,0,0.875,0.125,0.125,0.125,0,1,0.75,0.875,0,0,0.25,1,0.75,0.75,0.75,0,0,0.75,0,0.5,0,0.5,0,0.5,0,0,0.75,0,0,0,0,0.75,0.75,1,0,0,0,0,0.5,1,0,0,0,0,0.75,0.5,0,1,1,1,1,0,0,0,1,0.875,0,0.125,0.375,0.8125,0.25,1,0.25,0,0,0.75,0,0,0.0625,0,0.125,0,0.25,0.125,1,0,1,0,1,0,0,0,0,0,0,0,0
50,NormalProliferation,Cyclic,0.00391,40,0.5,0,0,0,0,1,0.5,0,0,1,0,0,1,1,0,0,0,0,0,0,0,0,0,0.5,0.4,0,0.2,0,0.25,0.6,0.4,0.5,0.4,0.4,0.5,1,0,0,1,1,0,0,0,0,1,1,0,1,1,0,0.5,0,0.5,0,0,0,0.75,0,0,1,0.5,0,1,1,0,0.5,0,1,0,0,0,0,0,0,0,0,0,0,0,1,0.5,0,0,0,1,0.5,1,1,1,0,1,0.75,1,1,1,0.5,1,1,0.5,0,0,1,0,0.5,1,1,0,0,0,0,0,0,0,1,0,1,0,0,0,0,0,1,1,0.25,0.25,0.25,0,1,0,0.5,0,0.5,0,0.5,0,0,1,0,0,0,0,1,0.75,1,0,0,0,0,0.5,0.75,0,0,0,0,1,0.5,0,1,0,0,1,0,0,0,1,1,0,0,0.4,1,0,1,0.25,0,0,0.75,0,0,0,0,0,0,0,0,1,0,1,0,1,0,0,0,0,0,0,0,0
51,Metastasis + AbnormalProliferation,Cyclic,0.00391,30,0.466666667,0.933333333,0,0.066666667,0,1,0.533333333,0,0,1,0,0,0,0.933333333,0,0,0,0,0,0.066666667,0,0,0,0.466666667,0.4,0,0.2,0.066666667,0.2,0.4,0.4,1,0.2,0.6,0.466666667,1,0,0,0,1,1,0,0.066666667,0,1,1,0,0.066666667,0,0,0.466666667,0,0,0,0,0,0,0,0.066666667,1,0.4,0,0.933333333,0.8,0,0.533333333,0.066666667,1,0,0,0,0,0.933333333,0,0.066666667,0,0.066666667,1,0,1,0.5,0,0.066666667,1,1,0.466666667,1,1,1,0.066666667,0,0.9,1,1,1,0.5,1,0.933333333,0.5,0,0,1,0.933333333,0,0.8,1,0,0.066666667,0,0.066666667,0,0,0,0,0,0.9,0,0,0.066666667,0,0,1,1,0.066666667,0.066666667,0,0,0.533333333,0,0.533333333,0,0.533333333,0,0.466666667,0,0.066666667,1,0,0,0,0.8,0.066666667,0.8,0,0,0,0,0,0.533333333,0.766666667,0,0,0.066666667,0,1,0.466666667,0,1,0,0,0,0,0,0,1,0.8,0,0.2,0.4,0.6,0.6,0.933333333,0.2,0,0,0.8,0.066666667,0,0,0,0.2,0.5,1,0.2,1,0,1,0,1,0,0,0,0,0,0,0,0
52,NormalProliferation,Cyclic,0.00391,40,0.5,0,0,0,0,1,0.5,0,0,1,0,0,0,1,0,0,0,0,0,0,0,0,0,0.5,0.4,0,0.2,0,0.25,0.6,0.4,0.5,0.4,0.4,0.5,1,0,0,1,1,0,0,0,0,1,1,0,1,0,0,0.5,0,0,0,0,0,0,0,0,1,0.5,0,1,1,0,0.5,0,1,0,0,0,0,0,0,0,0,0,0,0,1,0.5,0,0,0,1,0.5,1,1,1,0,0,0.75,1,1,1,0.5,1,1,0.5,0,0,1,0,0,1,1,0,0,0,0,0,0,0,0,0,1,0,0,0,0,0,1,1,0,0,0,0,1,0,0.5,0,0.5,0,0.5,0,0,1,0,0,0,0,1,0.75,1,0,0,0,0,0.5,0.75,0,0,0,0,1,0.5,0,1,0,0,0,0,0,0,1,1,0,0,0.4,1,0,1,0.25,0,0,0.75,0,0,0,0,0,0,0,0,1,0,1,0,1,0,0,0,0,0,0,0,0
53,NormalProliferation,Cyclic,0.00391,40,0.5,0,0,0,0,1,0.5,0,0,1,0,0,0,1,0,0,0,0,0,0,0,0,0,0.5,0.4,0,0.2,0,0.25,0.6,0.4,0.5,0.4,0.4,0.5,1,0,0,1,1,0,0,0,0,1,1,0,1,0,0,0.5,0,0,0,0,0,0,0,0,1,0.5,0,1,1,0,0.5,0,1,0,0,0,0,0,0,0,0,0,1,0,1,0.5,0,0,0,1,0.5,1,1,1,0,0,0.75,1,1,1,0.5,1,1,0.5,0,0,1,0,0,1,1,0,0,0,0,0,0,0,0,0,1,0,0,0,0,0,1,1,0,0,0,0,1,0,0.5,0,0.5,0,0.5,0,0,1,0,0,0,0,1,0.75,1,0,0,0,0,0.5,0.75,0,0,0,0,1,0.5,0,1,0,0,0,0,0,0,1,1,0,0,0.4,1,0,1,0.25,0,0,0.75,0,0,0,0,0,0,0,0,1,0,1,0,1,0,0,0,0,0,0,0,0
54,NormalProliferation,Cyclic,0.00391,48,0.375,0.5,0,0,0,1,0.5,0,0,0.75,0,0,0.125,1,0,0.75,0.75,0.5,0.75,0,0,0,0,0.5,0.375,0,0.1875,0,0.416666667,0.5625,0.375,0.375,0.25,0.5,0.5,1,0,0,1,0.75,0,0,0,0,1,1,0,1,0.125,0.333333333,0.5,0.5,0.5,0.5,0.666666667,0.75,0.75,0.75,0,0.75,0.3125,0,1,0.75,0.75,0.625,0,1,0,0,0,0,0.75,0,0,0,0,0,0,1,0.5,0,0,0,1,0.375,0.75,0.75,1,0,0.125,0.75,1,1,1,0.5,1,1,0.5,0,0.875,0.5,0.5,0.75,0.5,1,0.25,0,0.25,0,0.875,0.125,0.125,0.125,0.125,1,0.75,0.875,0,0,0.25,1,0.75,0.75,0.75,0,0,0.75,0,0.5,0,0.5,0,0.5,0,0,0.75,0,0,0,0,0.75,0.75,1,0,0,0,0,0.5,1,0,0,0,0,0.75,0.5,0,1,1,1,1,1,0,0,1,0.875,0,0.125,0.375,0.8125,0.25,1,0.25,0,0,0.75,0,0,0.0625,0,0.125,0,0.25,0.125,1,0,1,0,1,0,0,0,0,0,0,0,0
55,Metastasis + AbnormalProliferation,Cyclic,0.00391,40,0.5,1,0,0,0,1,0.5,0,0,1,0,0,0,1,0,0,0,0,0,0,0,0,0,0.5,0.4,0,0.2,0,0.25,0.6,0.4,1,0.4,0.4,0.5,1,0,0,0,1,1,0,0,0,1,1,0,0,0,0,0.5,0,0,0,0,0,0,0,0,1,0.5,0,1,0.75,0,0.5,0,1,0,0,0,0,1,0,0,0,0,1,0,1,0.5,0,0,1,1,0.5,1,1,1,0,0,1,1,1,1,0.5,1,1,0.5,0,0,1,1,0,0.75,1,0,0,0,0,0,0,0,0,0,1,0,0,0,0,0,0,1,0,0,0,0,0.5,0,0.5,0,0.5,0,0.5,0,0,1,0,0,0,1,0,0.75,0,0,0,0,0,0.5,0.75,0,0,0,0,1,0.5,0,1,0,0,0,0,0,0,1,1,0,0,0.4,1,0,1,0.25,0,0,0.75,0,0,0,0,0,0.5,0,0,1,0,1,0,1,0,0,0,0,0,0,0,0
56,NormalProliferation,Cyclic,0.00391,16,0.375,0.5,0,0,0,1,0.5,0,0,0.75,0,0,0.125,1,0,0.75,0.75,0.5,0.75,0,0,0,0,0.5,0.375,0,0.1875,0,0.25,0.625,0.375,0.375,0.3125,0.5,0.5,1,0,0,1,0.75,0,0,0,0,1,1,0,1,0.125,0,0.5,0.5,0.5,0,0,0.75,0.75,0,0,0.75,0.3125,0,1,0.75,0.75,0.625,0,1,0,0,0,0,0.75,0,0,0,0,0,0,1,0.5,0,0,0,1,0.375,0.75,0.75,1,0,0.125,0.75,1,1,1,0.5,1,1,0.5,0,0.875,0.5,0.5,0.75,0.5,1,0.25,0,0.25,0,0.875,0,0.125,0.125,0,1,0.75,0.875,0,0,0.25,1,0.75,0.75,0.75,0,0,0.75,0,0.5,0,0.5,0,0.5,0,0,0.75,0,0,0,0,0.75,0.75,1,0,0,0,0,0.5,1,0,0,0,0,0.75,0.5,0,1,0,1,1,0,0,0,1,0.875,0,0.125,0.375,0.8125,0.25,1,0.25,0,0,0.75,0,0,0.0625,0,0.125,0,0.1875,0.125,1,0,1,0,1,0,0,0,0,0,0,0,0
57,NormalProliferation,Cyclic,0.00391,40,0.5,0,0,0,0,1,0.5,0,0,1,0,0,1,1,0,0,0,0,0,0,0,0,0,0.5,0.4,0,0.2,0,0.5,0.6,0.4,0.5,0.4,0.4,0.5,1,0,0,1,1,0,0,0,0,1,1,0,1,1,0,0.5,0,0.5,0,0,0,0.75,0,0,1,0.5,0,1,1,0,0.5,0,1,0,0,0,0,0,0,0,0,0,0,0,1,0.5,0,0,0,1,0.5,1,1,1,0,1,0.75,1,1,1,0.5,1,1,0.5,0,0,1,0,0.5,1,1,0,0,0,0,0,0,0,1,0,1,0,0,0,0,0,1,1,0.25,0.25,0.25,0,1,0,0.5,0,0.5,0,0.5,0,0,1,0,0,0,0,1,0.75,1,0,0,0,0,0.5,0.75,0,0,0,0,1,0.5,0,1,0,0,1,0,0,0,1,1,0,0,0.4,1,0,1,0.25,0,0,0.75,0,0,0,0,0,0,0,0,1,0,1,0,1,0,0,0,0,0,0,0,0
58,Metastasis + AbnormalProliferation,Cyclic,0.00391,40,0.5,1,0,0,0,1,0.5,0,0,1,0,0,0,1,0,0,0,0,0,0,0,0,0,0.25,0.4,0,0.2,0,0.25,0.6,0.4,1,0.4,0.4,0.5,1,0,0,0,1,1,0,0,0,1,1,0,0,0,0,0.5,0,0.5,0,0,0,0.75,0,0,1,0.5,0,1,0.75,0,0.5,0,1,0,0,0,0,1,0,0,0,0,1,0,1,0.5,0,0,1,1,0.5,1,1,1,0,0,1,1,1,1,0.5,1,1,0.5,0,0,1,1,0.5,0.75,1,0,0,0,0,0,0,0,0,0,1,0,0,0,0,0,0,1,0,0,0,0,0.5,0,0.5,0,0.5,0,0.5,0,0,1,0,0,0,1,0,0.75,0,0,0,0,0,0.5,0.75,0,0,0,0,1,0.5,0,1,0,0,1,0,0,0,1,1,0,0,0.4,1,0,1,0.25,0,0,0.75,0,0,0,0,0,0.5,0,0,1,0,1,0,1,0,0,0,0,0,0,0,0
59,NormalProliferation,Cyclic,0.00391,40,0.5,0,0,0,0,1,0.5,0,0,1,0,0,1,1,0,0,0,0,0,0,0,0,0,0.25,0.4,0,0.2,0,0.25,0.6,0.4,0.5,0.4,0.4,0.5,1,0,0,1,1,0,0,0,0,1,1,0,1,1,0,0.5,0,0.5,1,0,0,0.75,1,0,1,0.5,0,1,1,0,0.5,0,1,0,0,0,0,0,0,0,0,0,0,0,1,0.5,0,0,0,1,0.5,1,1,1,0,1,0.75,1,1,1,0.5,1,1,0.5,0,0,1,0,0.5,1,1,0,0,0,0,0,0,0,1,0,1,0,0,0,0,0,1,1,0.25,0.25,0.25,0,1,0,0.5,0,0.5,0,0.5,0,0,1,0,0,0,0,1,0.75,1,0,0,0,0,0.5,0.75,0,0,0,0,1,0.5,0,1,0,0,1,0,0,0,1,1,0,0,0.4,1,0,1,0.25,0,0,0.75,0,0,0,0,0,0,0,0,1,0,1,0,1,0,0,0,0,0,0,0,0
60,Metastasis,Cyclic,0.00391,30,0.466666667,0.933333333,0,0.066666667,0,1,0.533333333,0,0,1,0,0,0,0.933333333,0,0,0,0,0,0.066666667,0,0,0,0.466666667,0.4,0,0.2,0.066666667,0.2,0,0.4,1,0.4,0.6,0.466666667,1,0,0,0,1,1,0,0.066666667,0,1,1,0,0.066666667,0,0,0.466666667,0,0,0,0,0,0,0,0.066666667,1,0.4,0,0.933333333,0.8,0,0.533333333,0.066666667,1,0,0,0,0,0.933333333,0,0.066666667,0,0.066666667,1,0,1,0.5,0,0.066666667,1,1,0.466666667,1,1,1,0.066666667,0,0.9,1,1,1,0.5,1,0.933333333,0.5,0,0,1,0.933333333,0,0.8,1,0,0.066666667,0,0.066666667,0,0,0,0,0,0.9,0,0,0.066666667,0,0,0,1,0.066666667,0.066666667,0,0,0.533333333,0,0.533333333,0,0.533333333,0,0.466666667,0,0.066666667,1,0,0,0,0.8,0.066666667,0.8,0,0,0,0,0,0.533333333,0.766666667,0,0,0.066666667,0,1,0.466666667,0,1,0,0,0,0,0,0,1,0.8,0,0.2,0.4,0.6,0.6,0.933333333,0.2,0,0,0.8,0.066666667,0,0,0,0.2,0.5,1,0.2,1,0,1,0,1,0,0,0,0,0,0,0,0
61,NormalProliferation,Cyclic,0.00391,40,0.5,0,0,0,0,1,0.5,0,0,1,0,0,1,1,0,0,0,0,0,0,0,0,0,0.25,0.4,0,0.2,0,0.25,0.6,0.4,0.5,0.4,0.4,0.5,1,0,0,1,1,0,0,0,0,1,1,0,1,1,0,0.5,0,0.5,0,0,0,0.75,0,0,1,0.5,0,1,1,0,0.5,0,1,0,0,0,0,0,0,0,0,0,0,0,1,0.5,0,0,0,1,0.5,1,1,1,0,1,0.75,1,1,1,0.5,1,1,0.5,0,0,1,0,0.5,1,1,0,0,0,0,0,0,0,1,0,1,0,0,0,0,0,1,1,0.25,0.25,0.25,0,1,0,0.5,0,0.5,0,0.5,0,0,1,0,0,0,0,1,0.75,1,0,0,0,0,0.5,0.75,0,0,0,0,1,0.5,0,1,0,0,1,0,0,0,1,1,0,0,0.4,1,0,1,0.25,0,0,0.75,0,0,0,0,0,0,0,0,1,0,1,0,1,0,0,0,0,0,0,0,0
62,Metastasis + AbnormalProliferation,Cyclic,0.00391,40,0.5,1,0,0,0,1,0.5,0,0,1,0,0,0,1,0,0,0,0,0,0,0,0,0,0.5,0.4,0,0.2,0,0.25,0.6,0.4,1,0.4,0.4,0.5,1,0,0,0,1,1,0,0,0,1,1,0,0,0,0,0.5,0,0,0,0,0,0,0,0,1,0.5,0,1,0.75,0,0.5,0,1,0,0,0,0,1,0,0,0,0,1,0,1,0.5,0,0,1,1,0.5,1,1,1,0,0,1,1,1,1,0.5,1,1,0.5,0,0,1,1,0,0.75,1,0,0,0,0,0,0,0,0,0,1,0,0,0,0,0,1,1,0,0,0,0,0.5,0,0.5,0,0.5,0,0.5,0,0,1,0,0,0,1,0,0.75,0,0,0,0,0,0.5,0.75,0,0,0,0,1,0.5,0,1,0,0,0,0,0,0,1,1,0,0,0.4,1,0,1,0.25,0,0,0.75,0,0,0,0,0,0.5,0,0,1,0,1,0,1,0,0,0,0,0,0,0,0
63,NormalProliferation,Cyclic,0.00391,40,0.5,0,0,0,0,1,0.5,0,0,1,0,0,0,1,0,0,0,0,0,0,0,0,0,0.5,0.4,0,0.2,0,0.25,0.6,0.4,0.5,0.4,0.4,0.5,1,0,0,1,1,0,0,0,0,1,1,0,1,0,0,0.5,0,0,0,0,0,0,0,0,1,0.5,0,1,1,0,0.5,0,1,0,0,0,0,0,0,0,0,0,0,0,1,0.5,0,0,0,1,0.5,1,1,1,0,0,0.75,1,1,1,0.5,1,1,0.5,0,0,1,0,0,1,1,0,0,0,0,0,0,0,0,0,1,0,0,0,0,0,0,1,0,0,0,0,1,0,0.5,0,0.5,0,0.5,0,0,1,0,0,0,0,1,0.75,1,0,0,0,0,0.5,0.75,0,0,0,0,1,0.5,0,1,0,0,0,0,0,0,1,1,0,0,0.4,1,0,1,0.25,0,0,0.75,0,0,0,0,0,0,0,0,1,0,1,0,1,0,0,0,0,0,0,0,0
64,Metastasis,Cyclic,0.00391,30,0.466666667,0.933333333,0,0.066666667,0,1,0.533333333,0,0,1,0,0,0,0.933333333,0,0,0,0,0,0.066666667,0,0,0,0.466666667,0.4,0,0.2,0.066666667,0.2,0,0.4,1,0.2,0.4,0.466666667,1,0,0,0,1,1,0,0.066666667,0,1,1,0,0.066666667,0,0,0.466666667,0,0,0,0,0,0,0,0.066666667,1,0.4,0,0.933333333,0.8,0,0.533333333,0.066666667,1,0,0,0,0,0.933333333,0,0.066666667,0,0.066666667,1,0,1,0.5,0,0.066666667,1,1,0.466666667,1,1,1,0.066666667,0,0.9,1,1,1,0.5,1,0.933333333,0.5,0,0,1,0.933333333,0,0.8,1,0,0.066666667,0,0.066666667,0,0,0,0,0,0.9,0,0,0.066666667,0,0,0,1,0.066666667,0.066666667,0,0,0.533333333,0,0.533333333,0,0.533333333,0,0.466666667,0,0.066666667,1,0,0,0,0.8,0.066666667,0.8,0,0,0,0,0,0.533333333,0.766666667,0,0,0.066666667,0,1,0.466666667,0,1,0,0,0,0,0,0,1,0.8,0,0.2,0.2,0.6,0.6,0.933333333,0.2,0,0,0.8,0.066666667,0,0,0,0.2,0.5,1,0.2,1,0,1,0,1,0,0,0,0,0,0,0,0
65,NormalProliferation,Cyclic,0.00391,40,0.5,0,0,0,0,1,0.5,0,0,1,0,0,0.75,1,0,0,0,0,0,0,0,0,0,0.25,0.4,0,0.2,0,0.25,0.6,0.4,0.5,0.4,0.4,0.5,1,0,0,1,1,0,0,0,0,1,1,0,1,0.75,0,0.5,0,0.5,0,0,0,0.75,0,0,1,0.5,0,1,1,0,0.5,0,1,0,0,0,0,0,0,0,0,0,0,0,1,0.5,0,0,0,1,0.5,1,1,1,0,0.75,0.75,1,1,1,0.5,1,1,0.5,0,0,1,0,0.5,1,1,0,0,0,0,0,0,0,0.75,0,1,0,0,0,0,0,1,1,0.25,0.25,0.25,0,1,0,0.5,0,0.5,0,0.5,0,0,1,0,0,0,0,1,0.75,1,0,0,0,0,0.5,0.75,0,0,0,0,1,0.5,0,1,0,0,1,0,0,0,1,1,0,0,0.4,1,0,1,0.25,0,0,0.75,0,0,0,0,0,0,0,0,1,0,1,0,1,0,0,0,0,0,0,0,0
66,NormalProliferation,Cyclic,0.00391,40,0.5,0,0,0,0,1,0.5,0,0,1,0,0,0,1,0,0,0,0,0,0,0,0,0,0.5,0.4,0,0.2,0,0.25,0.6,0.4,0.5,0.4,0.4,0.5,1,0,0,1,1,0,0,0,0,1,1,0,1,0,0,0.5,0,0,0,0,0,0,0,0,1,0.5,0,1,1,0,0.5,0,1,0,0,0,0,0,0,0,0,0,0,0,1,0.5,0,0,0,1,0.5,1,1,1,0,0,0.75,1,1,1,0.5,1,1,0.5,0,0,1,0,0,1,1,0,0,0,0,0,0,0,0,0,1,0,0,0,0,0,1,1,0,0,0,0,1,0,0.5,0,0.5,0,0.5,0,0,1,0,0,0,0,1,0.75,1,0,0,0,0,0.5,0.75,0,0,0,0,1,0.5,0,1,0,0,0,0,0,0,1,1,0,0,0.4,1,0,1,0.25,0,0,0.75,0,0,0,0,0,0,0,0,1,0,1,0,1,0,0,0,0,0,0,0,0
67,NormalProliferation,Cyclic,0.00391,40,0.4,0.6,0,0.1,0,1,0.5,0,0.35,0.7,0.35,0,0.075,0.85,0,0.75,0.75,0.5,0.75,0.1,0,0,0,0.4,0.4,0.4,0.2,0.1,0.35,0.5,0.4,0.65,0.3,0.575,0.5,1,0,0,0.525,0.75,0.4,0,0.15,0,1,1,0,0.5,0.075,0,0.4,0.5,0.4,0,0,0.75,0.7,0,0.1,0.85,0.3,0,0.85,0.85,0.75,0.6,0.15,1,0,0,0,0,0.475,0,0.45,0,0.45,0.9,0.25,1,0.5,0.05,0.45,0.4,1,0.4,0.85,0.85,1,0.4,0.075,0.75,1,1,1,0.5,1,0.85,0.5,0,0.875,0.5,0.6,0.8,0.45,1,0.25,0.15,0.25,0,0.875,0,0.075,0.075,0,0.85,0.6,0.875,0.15,0.35,0.325,0.5,0.6,0.75,0.75,0,0,0.8,0.25,0.5,0,0.5,0,0.4,0,0.1,0.825,0,0,0,0.3,0.425,0.75,0.425,0,0,0,0,0.5,1,0,0,0.15,0,0.75,0.5,0.35,1,0,1,1,0,0,0,0.975,0.825,0,0.175,0.4,0.7,0.375,0.85,0.2,0,0,0.75,0.15,0.025,0.025,0,0.175,0.2,0.525,0.175,1,0,1,0,1,0,0,0,0,0,0,0,0
68,Metastasis + AbnormalProliferation,Cyclic,0.00391,40,0.5,1,0,0,0,1,0.5,0,0,1,0,0,0,1,0,0,0,0,0,0,0,0,0,0.5,0.4,0,0.2,0,0.25,0.6,0.4,1,0.4,0.4,0.5,1,0,0,0,1,1,0,0,0,1,1,0,0,0,0,0.5,0,0,0,0,0,0,0,0,1,0.5,0,1,0.75,0,0.5,0,1,0,0,0,0,1,0,0,0,0,1,0,1,0.5,0,0,1,1,0.5,1,1,1,0,0,0.75,1,1,1,0.5,1,1,0.5,0,0,1,1,0,0.75,1,0,0,0,0,0,0,0,0,0,1,0,0,0,0,0,0,1,0,0,0,0,0.5,0,0.5,0,0.5,0,0.5,0,0,1,0,0,0,1,0,0.75,0,0,0,0,0,0.5,0.75,0,0,0,0,1,0.5,0,1,0,0,0,0,0,0,1,1,0,0,0.4,1,0,1,0.25,0,0,0.75,0,0,0,0,0,0.5,0,0,1,0,1,0,1,0,0,0,0,0,0,0,0
69,NormalProliferation,Cyclic,0.00391,40,0.5,0,0,0,0,1,0.5,0,0,1,0,0,0,1,0,0,0,0,0,0,0,0,0,0.5,0.4,0,0.2,0,0.25,0.6,0.4,0.5,0.4,0.4,0.5,1,0,0,1,1,0,0,0,0,1,1,0,1,0,0,0.5,0,0,0,0,0,0,0,0,1,0.5,0,1,1,0,0.5,0,1,0,0,0,0,0,0,0,0,0,0,0,1,0.5,0,0,0,1,0.5,1,1,1,0,0,0.75,1,1,1,0.5,1,1,0.5,0,0,1,0,0,1,1,0,0,0,0,0,0,0,0,0,1,0,0,0,0,0,1,1,0,0,0,0,1,0,0.5,0,0.5,0,0.5,0,0,1,0,0,0,0,1,0.75,1,0,0,0,0,0.5,0.75,0,0,0,0,1,0.5,0,1,0,0,0,0,0,0,1,1,0,0,0.4,1,0,1,0.25,0,0,0.75,0,0,0,0,0,0,0,0,1,0,1,0,1,0,0,0,0,0,0,0,0
70,NormalProliferation,Cyclic,0.00391,40,0.5,0,0,0,0,1,0.5,0,0,1,0,0,0,1,0,0,0,0,0,0,0,0,0,0.5,0.4,0,0.2,0,0.25,0.6,0.4,0.5,0.4,0.4,0.5,1,0,0,1,1,0,0,0,0,1,1,0,1,0,0,0.5,0,0,0,0,0,0,0,0,1,0.5,0,1,1,0,0.5,0,1,0,0,0,0,0,0,0,0,0,0,0,1,0.5,0,0,0,1,0.5,1,1,1,0,0,0.75,1,1,1,0.5,1,1,0.5,0,0,1,0,0,1,1,0,0,0,0,0,0,0,0,0,1,0,0,0,0,0,1,1,0,0,0,0,1,0,0.5,0,0.5,0,0.5,0,0,1,0,0,0,0,1,0.75,1,0,0,0,0,0.5,0.75,0,0,0,0,1,0.5,0,1,0,0,0,0,0,0,1,1,0,0,0.4,1,0,1,0.25,0,0,0.75,0,0,0,0,0,0,0,0,1,0,1,0,1,0,0,0,0,0,0,0,0
71,Metastasis + AbnormalProliferation,Cyclic,0.00391,40,0.5,1,0,0,0,1,0.5,0,0,1,0,0,0,1,0,0,0,0,0,0,0,0,0,0.5,0.4,0,0.2,0,0.25,0.6,0.4,1,0.4,0.4,0.5,1,0,0,0,1,1,0,0,0,1,1,0,0,0,0,0.5,0,0.5,0,0,0,0.75,0,0,1,0.5,0,1,1,0,0.5,0,1,0,0,0,0,1,0,0,0,0,1,0,1,0.5,0,0,1,1,0.5,1,1,1,0,0,0.75,1,1,1,0.5,1,1,0.5,0,0,1,1,0.5,0.75,1,0,0,0,0,0,0,0,0,0,1,0,0,0,0,0,0,1,0,0,0,0,0.5,0,0.5,0,0.5,0,0.5,0,0,1,0,0,0,1,0,0.75,0,0,0,0,0,0.5,0.75,0,0,0,0,1,0.5,0,1,0,0,1,0,0,0,1,1,0,0,0.4,1,0,1,0.25,0,0,0.75,0,0,0,0,0,0.5,0,0,1,0,1,0,1,0,0,0,0,0,0,0,0
72,NormalProliferation,Cyclic,0.00391,40,0.5,0,0,0,0,1,0.5,0,0,1,0,0,0,1,0,0,0,0,0,0,0,0,0,0.5,0.4,0,0.2,0,0.25,0.6,0.4,0.5,0.4,0.4,0.5,1,0,0,1,1,0,0,0,0,1,1,0,1,1,0,0.5,0,0,1,0,0,0,1,0,1,0.5,0,1,1,0,0.5,0,1,0,0,0,0,0,0,0,0,0,0,0,1,0.5,0,0,0,1,0.5,1,1,1,0,0,0.75,1,1,1,0.5,1,1,0.5,0,0,1,0,0,1,1,0,0,0,0,0,0,0,0,0,1,0,0,0,0,0,1,1,0,0,0,0,1,0,0.5,0,0.5,0,0.5,0,0,1,0,0,0,0,1,0.75,1,0,0,0,0,0.5,0.75,0,0,0,0,1,0.5,0,1,0,0,0,0,0,0,1,1,0,0,0.4,1,0,1,0.25,0,0,0.75,0,0,0,0,0,0,0,0,1,0,1,0,1,0,0,0,0,0,0,0,0
73,Metastasis + AbnormalProliferation,Cyclic,0.00391,40,0.5,1,0,0,0,1,0.5,0,0,1,0,0,0,1,0,0,0,0,0,0,0,0,0,0.5,0.4,0,0.2,0,0.5,0.6,0.4,1,0.4,0.4,0.5,1,0,0,0,1,1,0,0,0,1,1,0,0,0,0,0.5,0,0.5,1,0,0,0.75,1,0,1,0.5,0,1,0.75,0,0.5,0,1,0,0,0,0,1,0,0,0,0,1,0,1,0.5,0,0,1,1,0.5,1,1,1,0,0,1,1,1,1,0.5,1,1,0.5,0,0,1,1,0.5,0.75,1,0,0,0,0,0,0,0,0,0,1,0,0,0,0,0,1,1,0,0,0,0,0.5,0,0.5,0,0.5,0,0.5,0,0,1,0,0,0,1,0,0.75,0,0,0,0,0,0.5,0.75,0,0,0,0,1,0.5,0,1,0,0,1,1,0,0,1,1,0,0,0.4,1,0,1,0.25,0,0,0.75,0,0,0,0,0,0.5,0,0,1,0,1,0,1,0,0,0,0,0,0,0,0
74,Metastasis + AbnormalProliferation,Cyclic,0.00391,40,0.5,1,0,0,0,1,0.5,0,0,1,0,0,0,1,0,0,0,0,0,0,0,0,0,0.5,0.4,0,0.2,0,0.5,0.6,0.4,1,0.4,0.4,0.5,1,0,0,0,1,1,0,0,0,1,1,0,0,0,0,0.5,0,0.5,0,0,0,0.75,0,0,1,0.5,0,1,0.75,0,0.5,0,1,0,0,0,0,1,0,0,0,0,1,0,1,0.5,0,0,1,1,0.5,1,1,1,0,0,1,1,1,1,0.5,1,1,0.5,0,0,1,1,0.5,0.75,1,0,0,0,0,0,0,0,0,0,1,0,0,0,0,0,1,1,0,0,0,0,0.5,0,0.5,0,0.5,0,0.5,0,0,1,0,0,0,1,0,0.75,0,0,0,0,0,0.5,0.75,0,0,0,0,1,0.5,0,1,0,0,1,0,0,0,1,1,0,0,0.4,1,0,1,0.25,0,0,0.75,0,0,0,0,0,0.5,0,0,1,0,1,0,1,0,0,0,0,0,0,0,0
75,Metastasis + AbnormalProliferation,Cyclic,0.00391,40,0.5,1,0,0,0,1,0.5,0,0,1,0,0,0,1,0,0,0,0,0,0,0,0,0,0.5,0.4,0,0.2,0,0.25,0.6,0.4,1,0.4,0.4,0.5,1,0,0,0,1,1,0,0,0,1,1,0,0,0,0,0.5,0,0,0,0,0,0,0,0,1,0.5,0,1,0.75,0,0.5,0,1,0,0,0,0,1,0,0,0,0,1,0,1,0.5,0,0,1,1,0.5,1,1,1,0,0,0.75,1,1,1,0.5,1,1,0.5,0,0,1,1,0,0.75,1,0,0,0,0,0,0,0,0,0,1,0,0,0,0,0,0,1,0,0,0,0,0.5,0,0.5,0,0.5,0,0.5,0,0,1,0,0,0,1,0,0.75,0,0,0,0,0,0.5,0.75,0,0,0,0,1,0.5,0,1,0,0,0,0,0,0,1,1,0,0,0.4,1,0,1,0.25,0,0,0.75,0,0,0,0,0,0.5,0,0,1,0,1,0,1,0,0,0,0,0,0,0,0
76,Metastasis + AbnormalProliferation,Cyclic,0.00391,40,0.5,1,0,0,0,1,0.5,0,0,1,0,0,0,1,0,0,0,0,0,0,0,0,0,0.5,0.4,0,0.2,0,0.25,0.6,0.4,1,0.4,0.4,0.5,1,0,0,0,1,1,0,0,0,1,1,0,0,0,0,0.5,0,0,0,0,0,0,0,0,1,0.5,0,1,0.75,0,0.5,0,1,0,0,0,0,1,0,0,0,0,1,0,1,0.5,0,0,1,1,0.5,1,1,1,0,0,1,1,1,1,0.5,1,1,0.5,0,0,1,1,0,0.75,1,0,0,0,0,0,0,0,0,0,1,0,0,0,0,0,0,1,0,0,0,0,0.5,0,0.5,0,0.5,0,0.5,0,0,1,0,0,0,1,0,0.75,0,0,0,0,0,0.5,0.75,0,0,0,0,1,0.5,0,1,0,0,0,0,0,0,1,1,0,0,0.4,1,0,1,0.25,0,0,0.75,0,0,0,0,0,0.5,0,0,1,0,1,0,1,0,0,0,0,0,0,0,0
77,NormalProliferation,Cyclic,0.00391,40,0.5,0,0,0,0,1,0.5,0,0,1,0,0,0,1,0,0,0,0,0,0,0,0,0,0.5,0.4,0,0.2,0,0.25,0.6,0.4,0.5,0.4,0.4,0.5,1,0,0,1,1,0,0,0,0,1,1,0,1,0,0,0.5,0,0,0,0,0,0,0,0,1,0.5,0,1,1,0,0.5,0,1,0,0,0,0,0,0,0,0,0,1,0,1,0.5,0,0,0,1,0.5,1,1,1,0,0,0.75,1,1,1,0.5,1,1,0.5,0,0,1,0,0,1,1,0,0,0,0,0,0,0,0,0,1,0,0,0,0,0,1,1,0,0,0,0,1,0,0.5,0,0.5,0,0.5,0,0,1,0,0,0,0,1,0.75,1,0,0,0,0,0.5,0.75,0,0,0,0,1,0.5,0,1,0,0,0,0,0,0,1,1,0,0,0.4,1,0,1,0.25,0,0,0.75,0,0,0,0,0,0,0,0,1,0,1,0,1,0,0,0,0,0,0,0,0
78,Metastasis + AbnormalProliferation,Cyclic,0.00391,40,0.5,1,0,0,0,1,0.5,0,0,1,0,0,0,1,0,0,0,0,0,0,0,0,0,0.5,0.4,0,0.2,0,0.25,0.6,0.4,1,0.4,0.4,0.5,1,0,0,0,1,1,0,0,0,1,1,0,0,0,0,0.5,0,0,0,0,0,0,0,0,1,0.5,0,1,0.75,0,0.5,0,1,0,0,0,0,1,0,0,0,0,1,0,1,0.5,0,0,1,1,0.5,1,1,1,0,0,0.75,1,1,1,0.5,1,1,0.5,0,0,1,1,0,0.75,1,0,0,0,0,0,0,0,0,0,1,0,0,0,0,0,1,1,0,0,0,0,0.5,0,0.5,0,0.5,0,0.5,0,0,1,0,0,0,1,0,0.75,0,0,0,0,0,0.5,0.75,0,0,0,0,1,0.5,0,1,0,0,0,0,0,0,1,1,0,0,0.4,1,0,1,0.25,0,0,0.75,0,0,0,0,0,0.5,0,0,1,0,1,0,1,0,0,0,0,0,0,0,0
79,NormalProliferation,Cyclic,0.00391,40,0.5,0,0,0,0,1,0.5,0,0,1,0,0,0,1,0,0,0,0,0,0,0,0,0,0.5,0.4,0,0.2,0,0.25,0.6,0.4,0.5,0.4,0.4,0.5,1,0,0,1,1,0,0,0,0,1,1,0,1,1,0,0.5,0,0,1,0,0,0,1,0,1,0.5,0,1,1,0,0.5,0,1,0,0,0,0,0,0,0,0,0,0,0,1,0.5,0,0,0,1,0.5,1,1,1,0,0,0.75,1,1,1,0.5,1,1,0.5,0,0,1,0,0,1,1,0,0,0,0,0,0,0,0,0,1,0,0,0,0,0,1,1,0,0,0,0,1,0,0.5,0,0.5,0,0.5,0,0,1,0,0,0,0,1,0.75,1,0,0,0,0,0.5,0.75,0,0,0,0,1,0.5,0,1,0,0,0,0,0,0,1,1,0,0,0.4,1,0,1,0.25,0,0,0.75,0,0,0,0,0,0,0,0,1,0,1,0,1,0,0,0,0,0,0,0,0
80,NormalProliferation,Cyclic,0.00391,40,0.5,0,0,0,0,1,0.5,0,0,1,0,0,1,1,0,0,0,0,0,0,0,0,0,0.5,0.4,0,0.2,0,0.5,0.6,0.4,0.5,0.4,0.4,0.5,1,0,0,1,1,0,0,0,0,1,1,0,1,1,0,0.5,0,0.5,0,0,0,0.75,0,0,1,0.5,0,1,1,0,0.5,0,1,0,0,0,0,0,0,0,0,0,0,0,1,0.5,0,0,0,1,0.5,1,1,1,0,1,0.75,1,1,1,0.5,1,1,0.5,0,0,1,0,0.5,1,1,0,0,0,0,0,0,0,1,0,1,0,0,0,0,0,1,1,0.25,0.25,0.25,0,1,0,0.5,0,0.5,0,0.5,0,0,1,0,0,0,0,1,0.75,1,0,0,0,0,0.5,0.75,0,0,0,0,1,0.5,0,1,0,0,1,0,0,0,1,1,0,0,0.4,1,0,1,0.25,0,0,0.75,0,0,0,0,0,0,0,0,1,0,1,0,1,0,0,0,0,0,0,0,0
81,Metastasis + AbnormalProliferation,Cyclic,0.00391,40,0.5,1,0,0,0,1,0.5,0,0,1,0,0,0,1,0,0,0,0,0,0,0,0,0,0.5,0.4,0,0.2,0,0.25,0.6,0.4,1,0.4,0.4,0.5,1,0,0,0,1,1,0,0,0,1,1,0,0,0,0,0.5,0,0,0,0,0,0,0,0,1,0.5,0,1,0.75,0,0.5,0,1,0,0,0,0,1,0,0,0,0,1,0,1,0.5,0,0,1,1,0.5,1,1,1,0,0,1,1,1,1,0.5,1,1,0.5,0,0,1,1,0,0.75,1,0,0,0,0,0,0,0,0,0,1,0,0,0,0,0,0,1,0,0,0,0,0.5,0,0.5,0,0.5,0,0.5,0,0,1,0,0,0,1,0,0.75,0,0,0,0,0,0.5,0.75,0,0,0,0,1,0.5,0,1,0,0,0,0,0,0,1,1,0,0,0.4,1,0,1,0.25,0,0,0.75,0,0,0,0,0,0.5,0,0,1,0,1,0,1,0,0,0,0,0,0,0,0
82,NormalProliferation,Cyclic,0.00391,40,0.5,0,0,0,0,1,0.5,0,0,1,0,0,0,1,0,0,0,0,0,0,0,0,0,0.5,0.4,0,0.2,0,0.25,0.6,0.4,0.5,0.4,0.4,0.5,1,0,0,1,1,0,0,0,0,1,1,0,1,0,0,0.5,0,0,0,0,0,0,0,0,1,0.5,0,1,1,0,0.5,0,1,0,0,0,0,0,0,0,0,0,0,0,1,0.5,0,0,0,1,0.5,1,1,1,0,0,0.75,1,1,1,0.5,1,1,0.5,0,0,1,0,0,1,1,0,0,0,0,0,0,0,0,0,1,0,0,0,0,0,1,1,0,0,0,0,1,0,0.5,0,0.5,0,0.5,0,0,1,0,0,0,0,1,0.75,1,0,0,0,0,0.5,0.75,0,0,0,0,1,0.5,0,1,0,0,0,0,0,0,1,1,0,0,0.4,1,0,1,0.25,0,0,0.75,0,0,0,0,0,0,0,0,1,0,1,0,1,0,0,0,0,0,0,0,0
83,Metastasis,Cyclic,0.00391,30,0.466666667,0.933333333,0,0.066666667,0,1,0.533333333,0,0,1,0,0,0,0.933333333,0,0,0,0,0,0.066666667,0,0,0,0.4,0.4,0,0.2,0.066666667,0.333333333,0,0.4,1,0.4,0.6,0.466666667,1,0,0,0,1,1,0,0.066666667,0,1,1,0,0.066666667,0,0.333333333,0.466666667,0,0,0,0.666666667,0,0,0,0.066666667,1,0.4,0,0.933333333,0.8,0,0.533333333,0.066666667,1,0,0,0,0,0.933333333,0,0.066666667,0,0.066666667,1,0,1,0.5,0,0.066666667,1,1,0.466666667,1,1,1,0.066666667,0,0.9,1,1,1,0.5,1,0.933333333,0.5,0,0,1,0.933333333,0,0.8,1,0,0.066666667,0,0.066666667,0,0,0,0,0,0.9,0,0,0.066666667,0,0,0,1,0.066666667,0.066666667,0,0,0.533333333,0,0.533333333,0,0.533333333,0,0.466666667,0,0.066666667,1,0,0,0,0.8,0.066666667,0.8,0,0,0,0,0,0.533333333,0.766666667,0,0,0.066666667,0,1,0.466666667,0,1,1,0,0,0,0,0,1,0.8,0,0.2,0.4,0.6,0.6,1,0.2,0,0,0.8,0.066666667,0,0,0,0.2,0.5,1,0.2,1,0,1,0,1,0,0,0,0,0,0,0,0
84,NormalProliferation,Cyclic,0.00391,40,0.5,0,0,0,0,1,0.5,0,0,1,0,0,1,1,0,0,0,0,0,0,0,0,0,0.5,0.4,0,0.2,0,0.25,0.6,0.4,0.5,0.4,0.4,0.5,1,0,0,1,1,0,0,0,0,1,1,0,1,1,0,0.5,0,0.5,0,0,0,0.75,0,0,1,0.5,0,1,1,0,0.5,0,1,0,0,0,0,0,0,0,0,0,1,0,1,0.5,0,0,0,1,0.5,1,1,1,0,1,0.75,1,1,1,0.5,1,1,0.5,0,0,1,0,0.5,1,1,0,0,0,0,0,0,0,1,0,1,0,0,0,0,0,1,1,0.25,0.25,0.25,0,1,0,0.5,0,0.5,0,0.5,0,0,1,0,0,0,0,1,0.75,1,0,0,0,0,0.5,0.75,0,0,0,0,1,0.5,0,1,0,0,1,0,0,0,1,1,0,0,0.4,1,0,1,0.25,0,0,0.75,0,0,0,0,0,0,0,0,1,0,1,0,1,0,0,0,0,0,0,0,0
85,Metastasis + AbnormalProliferation,Cyclic,0.00391,30,0.466666667,0.933333333,0,0.066666667,0,1,0.533333333,0,0,1,0,0,0,0.933333333,0,0,0,0,0,0.066666667,0,0,0,0.466666667,0.4,0,0.2,0.066666667,0.2,0.4,0.4,1,0.2,0.6,0.466666667,1,0,0,0,1,1,0,0.066666667,0,1,1,0,0.066666667,0,0,0.466666667,0,0,0,0,0,0,0,0.066666667,1,0.4,0,0.933333333,0.8,0,0.533333333,0.066666667,1,0,0,0,0,0.933333333,0,0.066666667,0,0.066666667,1,0,1,0.5,0,0.066666667,1,1,0.466666667,1,1,1,0.066666667,0,0.9,1,1,1,0.5,1,0.933333333,0.5,0,0,1,0.933333333,0,0.8,1,0,0.066666667,0,0.066666667,0,0,0,0,0,0.9,0,0,0.066666667,0,0,0,1,0.066666667,0.066666667,0,0,0.533333333,0,0.533333333,0,0.533333333,0,0.466666667,0,0.066666667,1,0,0,0,0.8,0.066666667,0.8,0,0,0,0,0,0.533333333,0.766666667,0,0,0.066666667,0,1,0.466666667,0,1,0,0,0,0,0,0,1,0.8,0,0.2,0.4,0.6,0.6,0.933333333,0.2,0,0,0.8,0.066666667,0,0,0,0.2,0.5,1,0.2,1,0,1,0,1,0,0,0,0,0,0,0,0
86,NormalProliferation,Cyclic,0.00391,40,0.5,0,0,0,0,1,0.5,0,0,1,0,0,0,1,0,0,0,0,0,0,0,0,0,0.5,0.4,0,0.2,0,0.25,0.6,0.4,0.5,0.4,0.4,0.5,1,0,0,1,1,0,0,0,0,1,1,0,1,0,0,0.5,0,0,0,0,0,0,0,0,1,0.5,0,1,1,0,0.5,0,1,0,0,0,0,0,0,0,0,0,0,0,1,0.5,0,0,0,1,0.5,1,1,1,0,0,0.75,1,1,1,0.5,1,1,0.5,0,0,1,0,0,1,1,0,0,0,0,0,0,0,0,0,1,0,0,0,0,0,1,1,0,0,0,0,1,0,0.5,0,0.5,0,0.5,0,0,1,0,0,0,0,1,0.75,1,0,0,0,0,0.5,0.75,0,0,0,0,1,0.5,0,1,0,0,0,0,0,0,1,1,0,0,0.4,1,0,1,0.25,0,0,0.75,0,0,0,0,0,0,0,0,1,0,1,0,1,0,0,0,0,0,0,0,0
87,NormalProliferation,Cyclic,0.00391,40,0.5,0,0,0,0,1,0.5,0,0,1,0,0,0.75,1,0,0,0,0,0,0,0,0,0,0.25,0.4,0,0.2,0,0.25,0.6,0.4,0.5,0.4,0.4,0.5,1,0,0,1,1,0,0,0,0,1,1,0,1,0.75,0,0.5,0,0.5,0,0,0,0.75,0,0,1,0.5,0,1,1,0,0.5,0,1,0,0,0,0,0,0,0,0,0,0,0,1,0.5,0,0,0,1,0.5,1,1,1,0,0.75,0.75,1,1,1,0.5,1,1,0.5,0,0,1,0,0.5,1,1,0,0,0,0,0,0,0,0.75,0,1,0,0,0,0,0,1,1,0.25,0.25,0.25,0,1,0,0.5,0,0.5,0,0.5,0,0,1,0,0,0,0,1,0.75,1,0,0,0,0,0.5,0.75,0,0,0,0,1,0.5,0,1,0,0,1,0,0,0,1,1,0,0,0.4,1,0,1,0.25,0,0,0.75,0,0,0,0,0,0,0,0,1,0,1,0,1,0,0,0,0,0,0,0,0
88,NormalProliferation,Cyclic,0.00391,40,0.5,0,0,0,0,1,0.5,0,0,1,0,0,0,1,0,0,0,0,0,0,0,0,0,0.5,0.4,0,0.2,0,0.25,0.6,0.4,0.5,0.4,0.4,0.5,1,0,0,1,1,0,0,0,0,1,1,0,1,0,0,0.5,0,0,0,0,0,0,0,0,1,0.5,0,1,1,0,0.5,0,1,0,0,0,0,0,0,0,0,0,0,0,1,0.5,0,0,0,1,0.5,1,1,1,0,0,0.75,1,1,1,0.5,1,1,0.5,0,0,1,0,0,1,1,0,0,0,0,0,0,0,0,0,1,0,0,0,0,0,1,1,0,0,0,0,1,0,0.5,0,0.5,0,0.5,0,0,1,0,0,0,0,1,0.75,1,0,0,0,0,0.5,0.75,0,0,0,0,1,0.5,0,1,0,0,0,0,0,0,1,1,0,0,0.4,1,0,1,0.25,0,0,0.75,0,0,0,0,0,0,0,0,1,0,1,0,1,0,0,0,0,0,0,0,0
89,NormalProliferation,Cyclic,0.00391,16,0.375,0.5,0,0,0,1,0.5,0,0,0.75,0,0,0.125,1,0,0.75,0.75,0.5,0.75,0,0,0,0,0.5,0.375,0,0.1875,0,0.25,0.5625,0.375,0.375,0.25,0.5,0.5,1,0,0,1,0.75,0,0,0,0,1,1,0,1,0.125,0,0.5,0.5,0.5,0,0,0.75,0.75,0,0,0.75,0.3125,0,1,0.75,0.75,0.625,0,1,0,0,0,0,0.75,0,0,0,0,0,0,1,0.5,0,0,0,1,0.375,0.75,0.75,1,0,0.125,0.75,1,1,1,0.5,1,1,0.5,0,0.875,0.5,0.5,0.75,0.5,1,0.25,0,0.25,0,0.875,0,0.125,0.125,0,1,0.75,0.875,0,0,0.25,1,0.75,0.75,0.75,0,0,0.75,0,0.5,0,0.5,0,0.5,0,0,0.75,0,0,0,0,0.75,0.75,1,0,0,0,0,0.5,1,0,0,0,0,0.75,0.5,0,1,0,1,1,0,0,0,1,0.875,0,0.125,0.375,0.8125,0.25,1,0.25,0,0,0.75,0,0,0.0625,0,0.125,0,0.25,0.125,1,0,1,0,1,0,0,0,0,0,0,0,0
90,NormalProliferation,Cyclic,0.00391,40,0.5,0,0,0,0,1,0.5,0,0,1,0,0,0.75,1,0,0,0,0,0,0,0,0,0,0.25,0.4,0,0.2,0,0.25,0.6,0.4,0.5,0.4,0.4,0.5,1,0,0,1,1,0,0,0,0,1,1,0,1,0.75,0,0.5,0,0.5,0,0,0,0.75,0,0,1,0.5,0,1,1,0,0.5,0,1,0,0,0,0,0,0,0,0,0,0,0,1,0.5,0,0,0,1,0.5,1,1,1,0,0.75,0.75,1,1,1,0.5,1,1,0.5,0,0,1,0,0.5,1,1,0,0,0,0,0,0,0,0.75,0,1,0,0,0,0,0,1,1,0.25,0.25,0.25,0,1,0,0.5,0,0.5,0,0.5,0,0,1,0,0,0,0,1,0.75,1,0,0,0,0,0.5,0.75,0,0,0,0,1,0.5,0,1,0,0,1,0,0,0,1,1,0,0,0.4,1,0,1,0.25,0,0,0.75,0,0,0,0,0,0,0,0,1,0,1,0,1,0,0,0,0,0,0,0,0
91,Metastasis + AbnormalProliferation,Cyclic,0.00391,120,0.5,1,0,0,0,1,0.5,0,0,1,0,0,0,1,0,0,0,0,0,0,0,0,0,0.5,0.4,0,0.2,0,0.416666667,0.6,0.4,1,0.4,0.4,0.5,1,0,0,0,1,1,0,0,0,1,1,0,0,0,0.333333333,0.5,0,0,0,0.666666667,0,0,0,0,1,0.5,0,1,0.75,0,0.5,0,1,0,0,0,0,1,0,0,0,0,1,0,1,0.5,0,0,1,1,0.5,1,1,1,0,0,0.75,1,1,1,0.5,1,1,0.5,0,0,1,1,0,0.75,1,0,0,0,0,0,0,0,0,0,1,0,0,0,0,0,0,1,0,0,0,0,0.5,0,0.5,0,0.5,0,0.5,0,0,1,0,0,0,1,0,0.75,0,0,0,0,0,0.5,0.75,0,0,0,0,1,0.5,0,1,1,0,0,0,0,0,1,1,0,0,0.4,1,0,1,0.25,0,0,0.75,0,0,0,0,0,0.5,0,0,1,0,1,0,1,0,0,0,0,0,0,0,0
92,Metastasis,Cyclic,0.00391,30,0.466666667,0.933333333,0,0.066666667,0,1,0.533333333,0,0,1,0,0,0,0.933333333,0,0,0,0,0,0.066666667,0,0,0,0.466666667,0.4,0,0.2,0.066666667,0.333333333,0,0.4,1,0.4,0.6,0.466666667,1,0,0,0,1,1,0,0.066666667,0,1,1,0,0.066666667,0,0.333333333,0.466666667,0,0,0,0.666666667,0,0,0,0.066666667,1,0.4,0,0.933333333,0.8,0,0.533333333,0.066666667,1,0,0,0,0,0.933333333,0,0.066666667,0,0.066666667,1,0,1,0.5,0,0.066666667,1,1,0.466666667,1,1,1,0.066666667,0,0.9,1,1,1,0.5,1,0.933333333,0.5,0,0,1,0.933333333,0,0.8,1,0,0.066666667,0,0.066666667,0,0,0,0,0,0.9,0,0,0.066666667,0,0,0,1,0.066666667,0.066666667,0,0,0.533333333,0,0.533333333,0,0.533333333,0,0.466666667,0,0.066666667,1,0,0,0,0.8,0.066666667,0.8,0,0,0,0,0,0.533333333,0.766666667,0,0,0.066666667,0,1,0.466666667,0,1,1,0,0,0,0,0,1,0.8,0,0.2,0.4,0.6,0.6,0.933333333,0.2,0,0,0.8,0.066666667,0,0,0,0.2,0.5,1,0.2,1,0,1,0,1,0,0,0,0,0,0,0,0
93,Metastasis + AbnormalProliferation,Cyclic,0.00391,30,0.466666667,0.933333333,0,0.066666667,0,1,0.533333333,0,0,1,0,0,0,0.933333333,0,0,0,0,0,0.066666667,0,0,0,0.466666667,0.4,0,0.2,0.066666667,0.2,0.4,0.4,1,0.2,0.6,0.466666667,1,0,0,0,1,1,0,0.066666667,0,1,1,0,0.066666667,0,0,0.466666667,0,0,0,0,0,0,0,0.066666667,1,0.4,0,0.933333333,0.8,0,0.533333333,0.066666667,1,0,0,0,0,0.933333333,0,0.066666667,0,0.066666667,1,0,1,0.5,0,0.066666667,1,1,0.466666667,1,1,1,0.066666667,0,0.9,1,1,1,0.5,1,0.933333333,0.5,0,0,1,0.933333333,0,0.8,1,0,0.066666667,0,0.066666667,0,0,0,0,0,0.9,0,0,0.066666667,0,0,0,1,0.066666667,0.066666667,0,0,0.533333333,0,0.533333333,0,0.533333333,0,0.466666667,0,0.066666667,1,0,0,0,0.8,0.066666667,0.8,0,0,0,0,0,0.533333333,0.766666667,0,0,0.066666667,0,1,0.466666667,0,1,0,0,0,0,0,0,1,0.8,0,0.2,0.4,0.6,0.6,0.933333333,0.2,0,0,0.8,0.066666667,0,0,0,0.2,0.5,1,0.2,1,0,1,0,1,0,0,0,0,0,0,0,0
94,NormalProliferation,Cyclic,0.00391,16,0.375,0.5,0,0,0,1,0.5,0,0,0.75,0,0,0.125,1,0,0.75,0.75,0.5,0.75,0,0,0,0,0.5,0.375,0,0.1875,0,0.25,0.5625,0.375,0.375,0.25,0.5,0.5,1,0,0,1,0.75,0,0,0,0,1,1,0,1,0.125,0,0.5,0.5,0.5,0,0,0.75,0.75,0,0,0.75,0.3125,0,1,0.75,0.75,0.625,0,1,0,0,0,0,0.75,0,0,0,0,0,0,1,0.5,0,0,0,1,0.375,0.75,0.75,1,0,0.125,0.75,1,1,1,0.5,1,1,0.5,0,0.875,0.5,0.5,0.75,0.5,1,0.25,0,0.25,0,0.875,0,0.125,0.125,0,1,0.75,0.875,0,0,0.25,1,0.75,0.75,0.75,0,0,0.75,0,0.5,0,0.5,0,0.5,0,0,0.75,0,0,0,0,0.75,0.75,1,0,0,0,0,0.5,1,0,0,0,0,0.75,0.5,0,1,0,1,1,0,0,0,1,0.875,0,0.125,0.375,0.8125,0.25,1,0.25,0,0,0.75,0,0,0.0625,0,0.125,0,0.25,0.125,1,0,1,0,1,0,0,0,0,0,0,0,0
95,Metastasis + AbnormalProliferation,Cyclic,0.00391,40,0.5,1,0,0,0,1,0.5,0,0,1,0,0,0,1,0,0,0,0,0,0,0,0,0,0.5,0.4,0,0.2,0,0.25,0.6,0.4,1,0.4,0.4,0.5,1,0,0,0,1,1,0,0,0,1,1,0,0,0,0,0.5,0,0,0,0,0,0,0,0,1,0.5,0,1,0.75,0,0.5,0,1,0,0,0,0,1,0,0,0,0,1,0,1,0.5,0,0,1,1,0.5,1,1,1,0,0,0.75,1,1,1,0.5,1,1,0.5,0,0,1,1,0,0.75,1,0,0,0,0,0,0,0,0,0,1,0,0,0,0,0,0,1,0,0,0,0,0.5,0,0.5,0,0.5,0,0.5,0,0,1,0,0,0,1,0,0.75,0,0,0,0,0,0.5,0.75,0,0,0,0,1,0.5,0,1,0,0,0,0,0,0,1,1,0,0,0.4,1,0,1,0.25,0,0,0.75,0,0,0,0,0,0.5,0,0,1,0,1,0,1,0,0,0,0,0,0,0,0
96,Metastasis + AbnormalProliferation,Cyclic,0.00391,30,0.466666667,0.933333333,0,0.066666667,0,1,0.533333333,0,0,1,0,0,0,0.933333333,0,0,0,0,0,0.066666667,0,0,0,0.466666667,0.4,0,0.2,0.066666667,0.333333333,0.4,0.4,1,0.2,0.6,0.466666667,1,0,0,0,1,1,0,0.066666667,0,1,1,0,0.066666667,0,0.333333333,0.466666667,0,0,0,0.666666667,0,0,0,0.066666667,1,0.4,0,0.933333333,0.8,0,0.533333333,0.066666667,1,0,0,0,0,0.933333333,0,0.066666667,0,0.066666667,1,0,1,0.5,0,0.066666667,1,1,0.466666667,1,1,1,0.066666667,0,0.9,1,1,1,0.5,1,0.933333333,0.5,0,0,1,0.933333333,0,0.8,1,0,0.066666667,0,0.066666667,0,0,0,0,0,0.9,0,0,0.066666667,0,0,0,1,0.066666667,0.066666667,0,0,0.533333333,0,0.533333333,0,0.533333333,0,0.466666667,0,0.066666667,1,0,0,0,0.8,0.066666667,0.8,0,0,0,0,0,0.533333333,0.766666667,0,0,0.066666667,0,1,0.466666667,0,1,1,0,0,0,0,0,1,0.8,0,0.2,0.4,0.6,0.6,0.933333333,0.2,0,0,0.8,0.066666667,0,0,0,0.2,0.5,1,0.2,1,0,1,0,1,0,0,0,0,0,0,0,0
97,NormalProliferation,Cyclic,0.00391,24,0.25,0.5,0,0,0,1,0.5,0,0,0.5,0,0,0,1,0,0.75,0.75,0.5,0.75,0,0,0,0,0.25,0.291666667,0,0.166666667,0,0.25,0.583333333,0.291666667,0.25,0.25,0.5,0.5,1,0,0,1,0.75,0,0,0,0,1,1,0,1,0,0,0.5,0.5,0.5,0,0,0.75,0.75,0,0,0.75,0.25,0,1,0.75,0.75,0.75,0.25,1,0,0,0,0,0.25,0,0.25,0,0.25,0,0,1,0.5,0,0.25,0,1,0.25,0.75,0.75,1,0,0,0.75,1,1,1,0.5,1,1,0.5,0.75,1,0.5,0.5,0.5,0.5,1,0.25,0,0.25,0,1,0,0,0,0,1,0.75,1,0.25,0,0.25,1,0.75,0.75,0.75,0,0.5,0.75,0,0.5,0,0.5,0,0.5,0,0,0.75,0,0,0,0,0.75,0.75,1,0,0,0,0,0.5,1,0,0,0,0,0.75,0.5,0,1,0,1,1,0,0,0,1,0.875,1,0.125,0.375,0.833333333,0.208333333,1,0.25,0,0,0.75,0,0,0.208333333,0,0.125,0,0.083333333,0.125,1,0,1,0,1,0,0,0,0,0,0,0,0
98,NormalProliferation,Cyclic,0.00391,40,0.5,0,0,0,0,1,0.5,0,0,1,0,0,0,1,0,0,0,0,0,0,0,0,0,0.5,0.4,0,0.2,0,0.25,0.6,0.4,0.5,0.4,0.4,0.5,1,0,0,1,1,0,0,0,0,1,1,0,1,1,0,0.5,0,0,1,0,0,0,1,0,1,0.5,0,1,1,0,0.5,0,1,0,0,0,0,0,0,0,0,0,0,0,1,0.5,0,0,0,1,0.5,1,1,1,0,0,0.75,1,1,1,0.5,1,1,0.5,0,0,1,0,0,1,1,0,0,0,0,0,0,0,0,0,1,0,0,0,0,0,1,1,0,0,0,0,1,0,0.5,0,0.5,0,0.5,0,0,1,0,0,0,0,1,0.75,1,0,0,0,0,0.5,0.75,0,0,0,0,1,0.5,0,1,0,0,0,0,0,0,1,1,0,0,0.4,1,0,1,0.25,0,0,0.75,0,0,0,0,0,0,0,0,1,0,1,0,1,0,0,0,0,0,0,0,0
99,NormalProliferation,Cyclic,0.00391,40,0.5,0,0,0,0,1,0.5,0,0,1,0,0,0,1,0,0,0,0,0,0,0,0,0,0.5,0.4,0,0.2,0,0.25,0.6,0.4,0.5,0.4,0.4,0.5,1,0,0,1,1,0,0,0,0,1,1,0,1,0,0,0.5,0,0,0,0,0,0,0,0,1,0.5,0,1,1,0,0.5,0,1,0,0,0,0,0,0,0,0,0,1,0,1,0.5,0,0,0,1,0.5,1,1,1,0,0,0.75,1,1,1,0.5,1,1,0.5,0,0,1,0,0,1,1,0,0,0,0,0,0,0,0,0,1,0,0,0,0,0,1,1,0,0,0,0,1,0,0.5,0,0.5,0,0.5,0,0,1,0,0,0,0,1,0.75,1,0,0,0,0,0.5,0.75,0,0,0,0,1,0.5,0,1,0,0,0,0,0,0,1,1,0,0,0.4,1,0,1,0.25,0,0,0.75,0,0,0,0,0,0,0,0,1,0,1,0,1,0,0,0,0,0,0,0,0
100,NormalProliferation,Cyclic,0.00391,48,0.375,0.5,0,0,0,1,0.5,0,0,0.75,0,0,0.125,1,0,0.75,0.75,0.5,0.75,0,0,0,0,0.5,0.375,0,0.1875,0,0.416666667,0.625,0.375,0.375,0.3125,0.5,0.5,1,0,0,1,0.75,0,0,0,0,1,1,0,1,0.125,0.333333333,0.5,0.5,0.5,0,0.666666667,0.75,0.75,0,0,0.75,0.3125,0,1,0.75,0.75,0.625,0,1,0,0,0,0,0.75,0,0,0,0,0,0,1,0.5,0,0,0,1,0.375,0.75,0.75,1,0,0.125,0.75,1,1,1,0.5,1,1,0.5,0,0.875,0.5,0.5,0.75,0.5,1,0.25,0,0.25,0,0.875,0.125,0.125,0.125,0,1,0.75,0.875,0,0,0.25,1,0.75,0.75,0.75,0,0,0.75,0,0.5,0,0.5,0,0.5,0,0,0.75,0,0,0,0,0.75,0.75,1,0,0,0,0,0.5,1,0,0,0,0,0.75,0.5,0,1,1,1,1,0,0,0,1,0.875,0,0.125,0.375,0.8125,0.25,1,0.25,0,0,0.75,0,0,0.0625,0,0.125,0,0.1875,0.125,1,0,1,0,1,0,0,0,0,0,0,0,0
101,NormalProliferation,Cyclic,0.00391,40,0.5,0,0,0,0,1,0.5,0,0,1,0,0,0.75,1,0,0,0,0,0,0,0,0,0,0.25,0.4,0,0.2,0,0.25,0.6,0.4,0.5,0.4,0.4,0.5,1,0,0,1,1,0,0,0,0,1,1,0,1,0.75,0,0.5,0,0.5,0,0,0,0.75,0,0,1,0.5,0,1,1,0,0.5,0,1,0,0,0,0,0,0,0,0,0,0,0,1,0.5,0,0,0,1,0.5,1,1,1,0,0.75,0.75,1,1,1,0.5,1,1,0.5,0,0,1,0,0.5,1,1,0,0,0,0,0,0,0,0.75,0,1,0,0,0,0,0,1,1,0.25,0.25,0.25,0,1,0,0.5,0,0.5,0,0.5,0,0,1,0,0,0,0,1,0.75,1,0,0,0,0,0.5,0.75,0,0,0,0,1,0.5,0,1,0,0,1,0,0,0,1,1,0,0,0.4,1,0,1,0.25,0,0,0.75,0,0,0,0,0,0,0,0,1,0,1,0,1,0,0,0,0,0,0,0,0
102,Metastasis + AbnormalProliferation,Cyclic,0.00391,40,0.5,1,0,0,0,1,0.5,0,0,1,0,0,0,1,0,0,0,0,0,0,0,0,0,0.5,0.4,0,0.2,0,0.25,0.6,0.4,1,0.4,0.4,0.5,1,0,0,0,1,1,0,0,0,1,1,0,0,0,0,0.5,0,0,1,0,0,0,1,0,1,0.5,0,1,0.75,0,0.5,0,1,0,0,0,0,1,0,0,0,0,1,0,1,0.5,0,0,1,1,0.5,1,1,1,0,0,1,1,1,1,0.5,1,1,0.5,0,0,1,1,0,0.75,1,0,0,0,0,0,0,0,0,0,1,0,0,0,0,0,1,1,0,0,0,0,0.5,0,0.5,0,0.5,0,0.5,0,0,1,0,0,0,1,0,0.75,0,0,0,0,0,0.5,0.75,0,0,0,0,1,0.5,0,1,0,0,0,1,0,0,1,1,0,0,0.4,1,0,1,0.25,0,0,0.75,0,0,0,0,0,0.5,0,0,1,0,1,0,1,0,0,0,0,0,0,0,0
103,Metastasis,Cyclic,0.00391,60,0.466666667,0.95,0,0.05,0,1,0.5,0,0,1,0,0,0,0.95,0,0,0,0,0,0.05,0,0,0,0.25,0.4,0,0.2,0.05,0.25,0,0.4,1,0.4,0.6,0.5,1,0,0,0,1,1,0,0.05,0,1,1,0,0.05,0,0,0.5,0,0.5,1,0,0,0.75,1,0.05,1,0.4,0,0.95,0.8,0,0.533333333,0.05,1,0,0,0,0,0.95,0,0.05,0,0.05,1,0,1,0.5,0,0.05,1,1,0.466666667,1,1,1,0.05,0,1,1,1,1,0.5,1,0.95,0.5,0,0,1,0.95,0.5,0.75,1,0,0.05,0,0.05,0,0,0,0,0,0.95,0,0,0.05,0,0,1,1,0.05,0.05,0,0,0.55,0,0.5,0,0.5,0,0.5,0,0.05,1,0,0,0,0.8,0.05,0.75,0,0,0,0,0,0.5,0.75,0,0,0.05,0,1,0.5,0,1,0,0,1,1,0,0,1,0.8,0,0.2,0.4,0.6,0.6,0.95,0.25,0,0,0.75,0.05,0,0,0,0.2,0.5,1,0.2,1,0,1,0,1,0,0,0,0,0,0,0,0
104,NormalProliferation,Cyclic,0.00391,16,0.4375,0.5,0,0,0,1,0.5,0,0,0.75,0,0,0.125,1,0,0.75,0.75,0.5,0.75,0,0,0,0,0.5,0.375,0,0.1875,0,0.25,0.625,0.375,0.375,0.3125,0.5,0.5,1,0,0,1,0.75,0,0,0,0,1,1,0,1,0.125,0,0.5,0.5,0.5,0,0,0.75,0.75,0,0,0.75,0.3125,0,1,0.75,0.75,0.5625,0,1,0,0,0,0,0.75,0,0,0,0,0,0,1,0.5,0,0,0,1,0.4375,0.75,0.75,1,0,0.125,0.75,1,1,1,0.5,1,1,0.5,0,0.875,0.5,0.5,0.75,0.5,1,0.25,0,0.25,0,0.875,0,0.125,0.125,0,1,0.75,0.875,0,0,0.25,1,0.75,0.75,0.75,0,0,0.75,0,0.5,0,0.5,0,0.5,0,0,0.75,0,0,0,0,0.75,0.75,1,0,0,0,0,0.5,1,0,0,0,0,0.75,0.5,0,1,0,1,1,0,0,0,1,0.875,0,0.125,0.375,0.8125,0.25,1,0.25,0,0,0.75,0,0,0.0625,0,0.125,0,0.0625,0.125,1,0,1,0,1,0,0,0,0,0,0,0,0
105,Metastasis + AbnormalProliferation,Cyclic,0.00391,40,0.5,1,0,0,0,1,0.5,0,0,1,0,0,0,1,0,0,0,0,0,0,0,0,0,0.5,0.4,0,0.2,0,0.25,0.6,0.4,1,0.4,0.4,0.5,1,0,0,0,1,1,0,0,0,1,1,0,0,0,0,0.5,0,0,0,0,0,0,0,0,1,0.5,0,1,0.75,0,0.5,0,1,0,0,0,0,1,0,0,0,0,1,0,1,0.5,0,0,1,1,0.5,1,1,1,0,0,0.75,1,1,1,0.5,1,1,0.5,0,0,1,1,0,0.75,1,0,0,0,0,0,0,0,0,0,1,0,0,0,0,0,1,1,0,0,0,0,0.5,0,0.5,0,0.5,0,0.5,0,0,1,0,0,0,1,0,0.75,0,0,0,0,0,0.5,0.75,0,0,0,0,1,0.5,0,1,0,0,0,0,0,0,1,1,0,0,0.4,1,0,1,0.25,0,0,0.75,0,0,0,0,0,0.5,0,0,1,0,1,0,1,0,0,0,0,0,0,0,0
106,NormalProliferation,Cyclic,0.00391,16,0.375,0.5,0,0,0,1,0.5,0,0,0.75,0,0,0.125,1,0,0.75,0.75,0.5,0.75,0,0,0,0,0.5,0.375,0,0.1875,0,0.25,0.625,0.375,0.375,0.3125,0.5,0.5,1,0,0,1,0.75,0,0,0,0,1,1,0,1,0.125,0,0.5,0.5,0.5,0,0,0.75,0.75,0,0,0.75,0.3125,0,1,0.75,0.75,0.625,0,1,0,0,0,0,0.75,0,0,0,0,0,0,1,0.5,0,0,0,1,0.375,0.75,0.75,1,0,0.125,0.75,1,1,1,0.5,1,1,0.5,0,0.875,0.5,0.5,0.75,0.5,1,0.25,0,0.25,0,0.875,0,0.125,0.125,0,1,0.75,0.875,0,0,0.25,1,0.75,0.75,0.75,0,0,0.75,0,0.5,0,0.5,0,0.5,0,0,0.75,0,0,0,0,0.75,0.75,1,0,0,0,0,0.5,1,0,0,0,0,0.75,0.5,0,1,0,1,1,0,0,0,1,0.875,0,0.125,0.375,0.8125,0.25,1,0.25,0,0,0.75,0,0,0.0625,0,0.125,0,0.1875,0.125,1,0,1,0,1,0,0,0,0,0,0,0,0
107,NormalProliferation,Cyclic,0.00391,40,0.5,0,0,0,0,1,0.5,0,0,1,0,0,1,1,0,0,0,0,0,0,0,0,0,0.25,0.4,0,0.2,0,0.25,0.6,0.4,0.5,0.4,0.4,0.5,1,0,0,1,1,0,0,0,0,1,1,0,1,1,0,0.5,0,0.5,0,0,0,0.75,0,0,1,0.5,0,1,1,0,0.5,0,1,0,0,0,0,0,0,0,0,0,0,0,1,0.5,0,0,0,1,0.5,1,1,1,0,1,0.75,1,1,1,0.5,1,1,0.5,0,0,1,0,0.5,1,1,0,0,0,0,0,0,0,1,0,1,0,0,0,0,0,1,1,0.25,0.25,0.25,0,1,0,0.5,0,0.5,0,0.5,0,0,1,0,0,0,0,1,0.75,1,0,0,0,0,0.5,0.75,0,0,0,0,1,0.5,0,1,0,0,1,0,0,0,1,1,0,0,0.4,1,0,1,0.25,0,0,0.75,0,0,0,0,0,0,0,0,1,0,1,0,1,0,0,0,0,0,0,0,0
108,Metastasis,Cyclic,0.00391,30,0.466666667,0.933333333,0,0.066666667,0,1,0.533333333,0,0,1,0,0,0,0.933333333,0,0,0,0,0,0.066666667,0,0,0,0.466666667,0.4,0,0.2,0.066666667,0.2,0,0.4,1,0.4,0.6,0.466666667,1,0,0,0,1,1,0,0.066666667,0,1,1,0,0.066666667,0,0,0.466666667,0,0,0,0,0,0,0,0.066666667,1,0.4,0,0.933333333,0.8,0,0.533333333,0.066666667,1,0,0,0,0,0.933333333,0,0.066666667,0,0.066666667,1,0,1,0.5,0,0.066666667,1,1,0.466666667,1,1,1,0.066666667,0,0.9,1,1,1,0.5,1,0.933333333,0.5,0,0,1,0.933333333,0,0.8,1,0,0.066666667,0,0.066666667,0,0,0,0,0,0.9,0,0,0.066666667,0,0,0,1,0.066666667,0.066666667,0,0,0.533333333,0,0.533333333,0,0.533333333,0,0.466666667,0,0.066666667,1,0,0,0,0.8,0.066666667,0.8,0,0,0,0,0,0.533333333,0.766666667,0,0,0.066666667,0,1,0.466666667,0,1,0,0,0,0,0,0,1,0.8,0,0.2,0.4,0.6,0.6,0.933333333,0.2,0,0,0.8,0.066666667,0,0,0,0.2,0.5,1,0.2,1,0,1,0,1,0,0,0,0,0,0,0,0
109,NormalProliferation,Cyclic,0.00391,40,0.5,0,0,0,0,1,0.5,0,0,1,0,0,0,1,0,0,0,0,0,0,0,0,0,0.5,0.4,0,0.2,0,0.25,0.6,0.4,0.5,0.4,0.4,0.5,1,0,0,1,1,0,0,0,0,1,1,0,1,0,0,0.5,0,0,0,0,0,0,0,0,1,0.5,0,1,1,0,0.5,0,1,0,0,0,0,0,0,0,0,0,0,0,1,0.5,0,0,0,1,0.5,1,1,1,0,0,0.75,1,1,1,0.5,1,1,0.5,0,0,1,0,0,1,1,0,0,0,0,0,0,0,0,0,1,0,0,0,0,0,1,1,0,0,0,0,1,0,0.5,0,0.5,0,0.5,0,0,1,0,0,0,0,1,0.75,1,0,0,0,0,0.5,0.75,0,0,0,0,1,0.5,0,1,0,0,0,0,0,0,1,1,0,0,0.4,1,0,1,0.25,0,0,0.75,0,0,0,0,0,0,0,0,1,0,1,0,1,0,0,0,0,0,0,0,0
110,NormalProliferation,Cyclic,0.00391,40,0.5,0,0,0,0,1,0.5,0,0,1,0,0,0,1,0,0,0,0,0,0,0,0,0,0.5,0.4,0,0.2,0,0.25,0.6,0.4,0.5,0.4,0.4,0.5,1,0,0,1,1,0,0,0,0,1,1,0,1,1,0,0.5,0,0,1,0,0,0,1,0,1,0.5,0,1,1,0,0.5,0,1,0,0,0,0,0,0,0,0,0,0,0,1,0.5,0,0,0,1,0.5,1,1,1,0,0,0.75,1,1,1,0.5,1,1,0.5,0,0,1,0,0,1,1,0,0,0,0,0,0,0,0,0,1,0,0,0,0,0,1,1,0,0,0,0,1,0,0.5,0,0.5,0,0.5,0,0,1,0,0,0,0,1,0.75,1,0,0,0,0,0.5,0.75,0,0,0,0,1,0.5,0,1,0,0,0,0,0,0,1,1,0,0,0.4,1,0,1,0.25,0,0,0.75,0,0,0,0,0,0,0,0,1,0,1,0,1,0,0,0,0,0,0,0,0
111,Metastasis,Cyclic,0.00391,60,0.466666667,0.95,0,0.05,0,1,0.5,0,0,1,0,0,0,0.95,0,0,0,0,0,0.05,0,0,0,0.25,0.4,0,0.2,0.05,0.25,0,0.4,1,0.4,0.6,0.5,1,0,0,0,1,1,0,0.05,0,1,1,0,0.05,0,0,0.5,0,0.5,0,0,0,0.75,0,0.05,1,0.4,0,0.95,0.95,0,0.533333333,0.05,1,0,0,0,0,0.95,0,0.05,0,0.05,1,0,1,0.5,0,0.05,1,1,0.466666667,1,1,1,0.05,0,1,1,1,1,0.5,1,0.95,0.5,0,0,1,0.95,0.5,0.75,1,0,0.05,0,0.05,0,0,0,0,0,0.95,0,0,0.05,0,0,0,1,0.05,0.05,0,0,0.55,0,0.5,0,0.5,0,0.5,0,0.05,1,0,0,0,0.8,0.05,0.75,0,0,0,0,0,0.5,0.75,0,0,0.05,0,1,0.5,0,1,0,0,1,0,0,0,1,0.8,0,0.2,0.4,0.6,0.6,0.95,0.25,0,0,0.75,0.05,0,0,0,0.2,0.5,1,0.2,1,0,1,0,1,0,0,0,0,0,0,0,0
112,NormalProliferation,Cyclic,0.00391,40,0.5,0,0,0,0,1,0.5,0,0,1,0,0,1,1,0,0,0,0,0,0,0,0,0,0.25,0.4,0,0.2,0,0.25,0.6,0.4,0.5,0.4,0.4,0.5,1,0,0,1,1,0,0,0,0,1,1,0,1,1,0,0.5,0,0.5,0,0,0,0.75,0,0,1,0.5,0,1,1,0,0.5,0,1,0,0,0,0,0,0,0,0,0,0,0,1,0.5,0,0,0,1,0.5,1,1,1,0,1,0.75,1,1,1,0.5,1,1,0.5,0,0,1,0,0.5,1,1,0,0,0,0,0,0,0,1,0,1,0,0,0,0,0,1,1,0.25,0.25,0.25,0,1,0,0.5,0,0.5,0,0.5,0,0,1,0,0,0,0,1,0.75,1,0,0,0,0,0.5,0.75,0,0,0,0,1,0.5,0,1,0,0,1,0,0,0,1,1,0,0,0.4,1,0,1,0.25,0,0,0.75,0,0,0,0,0,0,0,0,1,0,1,0,1,0,0,0,0,0,0,0,0
113,Metastasis,Cyclic,0.00391,30,0.466666667,0.933333333,0,0.066666667,0,1,0.533333333,0,0,1,0,0,0,0.933333333,0,0,0,0,0,0.066666667,0,0,0,0.4,0.4,0,0.2,0.066666667,0.333333333,0,0.4,1,0.4,0.6,0.466666667,1,0,0,0,1,1,0,0.066666667,0,1,1,0,0.066666667,0,0.333333333,0.466666667,0,0,0,0.666666667,0,0,0,0.066666667,1,0.4,0,0.933333333,0.8,0,0.533333333,0.066666667,1,0,0,0,0,0.933333333,0,0.066666667,0,0.066666667,1,0,1,0.5,0,0.066666667,1,1,0.466666667,1,1,1,0.066666667,0,0.9,1,1,1,0.5,1,0.933333333,0.5,0,0,1,0.933333333,0,0.8,1,0,0.066666667,0,0.066666667,0,0,0,0,0,0.9,0,0,0.066666667,0,0,1,1,0.066666667,0.066666667,0,0,0.533333333,0,0.533333333,0,0.533333333,0,0.466666667,0,0.066666667,1,0,0,0,0.8,0.066666667,0.8,0,0,0,0,0,0.533333333,0.766666667,0,0,0.066666667,0,1,0.466666667,0,1,1,0,0,0,0,0,1,0.8,0,0.2,0.4,0.6,0.6,1,0.2,0,0,0.8,0.066666667,0,0,0,0.2,0.5,1,0.2,1,0,1,0,1,0,0,0,0,0,0,0,0
114,NormalProliferation,Cyclic,0.00391,48,0.4375,0.5,0,0,0,1,0.5,0,0,0.75,0,0,0.125,1,0,0.75,0.75,0.5,0.75,0,0,0,0,0.5,0.375,0,0.1875,0,0.416666667,0.625,0.375,0.375,0.3125,0.5,0.5,1,0,0,1,0.75,0,0,0,0,1,1,0,1,0.125,0.333333333,0.5,0.5,0.5,0,0.666666667,0.75,0.75,0,0,0.75,0.3125,0,1,0.75,0.75,0.5625,0,1,0,0,0,0,0.75,0,0,0,0,0,0,1,0.5,0,0,0,1,0.4375,0.75,0.75,1,0,0.125,0.75,1,1,1,0.5,1,1,0.5,0,0.875,0.5,0.5,0.75,0.5,1,0.25,0,0.25,0,0.875,0.125,0.125,0.125,0,1,0.75,0.875,0,0,0.25,1,0.75,0.75,0.75,0,0,0.75,0,0.5,0,0.5,0,0.5,0,0,0.75,0,0,0,0,0.75,0.75,1,0,0,0,0,0.5,1,0,0,0,0,0.75,0.5,0,1,1,1,1,0,0,0,1,0.875,0,0.125,0.375,0.8125,0.25,1,0.25,0,0,0.75,0,0,0.0625,0,0.125,0,0.0625,0.125,1,0,1,0,1,0,0,0,0,0,0,0,0
115,Metastasis + AbnormalProliferation,Cyclic,0.00391,30,0.466666667,0.933333333,0,0.066666667,0,1,0.533333333,0,0,1,0,0,0,0.933333333,0,0,0,0,0,0.066666667,0,0,0,0.466666667,0.4,0,0.2,0.066666667,0.2,0.4,0.4,1,0.2,0.6,0.466666667,1,0,0,0,1,1,0,0.066666667,0,1,1,0,0.066666667,0,0,0.466666667,0,0,0,0,0,0,0,0.066666667,1,0.4,0,0.933333333,0.8,0,0.533333333,0.066666667,1,0,0,0,0,0.933333333,0,0.066666667,0,0.066666667,1,0,1,0.5,0,0.066666667,1,1,0.466666667,1,1,1,0.066666667,0,0.9,1,1,1,0.5,1,0.933333333,0.5,0,0,1,0.933333333,0,0.8,1,0,0.066666667,0,0.066666667,0,0,0,0,0,0.9,0,0,0.066666667,0,0,0,1,0.066666667,0.066666667,0,0,0.533333333,0,0.533333333,0,0.533333333,0,0.466666667,0,0.066666667,1,0,0,0,0.8,0.066666667,0.8,0,0,0,0,0,0.533333333,0.766666667,0,0,0.066666667,0,1,0.466666667,0,1,0,0,0,0,0,0,1,0.8,0,0.2,0.4,0.6,0.6,0.933333333,0.2,0,0,0.8,0.066666667,0,0,0,0.2,0.5,1,0.2,1,0,1,0,1,0,0,0,0,0,0,0,0
116,NormalProliferation,Cyclic,0.00391,40,0.5,0,0,0,0,1,0.5,0,0,1,0,0,1,1,0,0,0,0,0,0,0,0,0,0.25,0.4,0,0.2,0,0.25,0.6,0.4,0.5,0.4,0.4,0.5,1,0,0,1,1,0,0,0,0,1,1,0,1,1,0,0.5,0,0.5,0,0,0,0.75,0,0,1,0.5,0,1,1,0,0.5,0,1,0,0,0,0,0,0,0,0,0,0,0,1,0.5,0,0,0,1,0.5,1,1,1,0,1,0.75,1,1,1,0.5,1,1,0.5,0,0,1,0,0.5,1,1,0,0,0,0,0,0,0,1,0,1,0,0,0,0,0,1,1,0.25,0.25,0.25,0,1,0,0.5,0,0.5,0,0.5,0,0,1,0,0,0,0,1,0.75,1,0,0,0,0,0.5,0.75,0,0,0,0,1,0.5,0,1,0,0,1,0,0,0,1,1,0,0,0.4,1,0,1,0.25,0,0,0.75,0,0,0,0,0,0,0,0,1,0,1,0,1,0,0,0,0,0,0,0,0
117,Metastasis + AbnormalProliferation,Cyclic,0.00391,30,0.466666667,0.933333333,0,0.066666667,0,1,0.533333333,0,0,1,0,0,0,0.933333333,0,0,0,0,0,0.066666667,0,0,0,0.466666667,0.4,0,0.2,0.066666667,0.2,0.4,0.4,1,0.2,0.6,0.466666667,1,0,0,0,1,1,0,0.066666667,0,1,1,0,0.066666667,0,0,0.466666667,0,0,1,0,0,0,1,0.066666667,1,0.4,0,0.933333333,0.8,0,0.533333333,0.066666667,1,0,0,0,0,0.933333333,0,0.066666667,0,0.066666667,1,0,1,0.5,0,0.066666667,1,1,0.466666667,1,1,1,0.066666667,0,0.9,1,1,1,0.5,1,0.933333333,0.5,0,0,1,0.933333333,0,0.8,1,0,0.066666667,0,0.066666667,0,0,0,0,0,0.9,0,0,0.066666667,0,0,1,1,0.066666667,0.066666667,0,0,0.533333333,0,0.533333333,0,0.533333333,0,0.466666667,0,0.066666667,1,0,0,0,0.8,0.066666667,0.8,0,0,0,0,0,0.533333333,0.766666667,0,0,0.066666667,0,1,0.466666667,0,1,0,0,0,1,0,0,1,0.8,0,0.2,0.4,0.6,0.6,0.933333333,0.2,0,0,0.8,0.066666667,0,0,0,0.2,0.5,1,0.2,1,0,1,0,1,0,0,0,0,0,0,0,0
118,NormalProliferation,Cyclic,0.00391,48,0.4375,0.5,0,0,0,1,0.5,0,0,0.75,0,0,0.125,1,0,0.75,0.75,0.5,0.75,0,0,0,0,0.5,0.375,0,0.1875,0,0.416666667,0.625,0.375,0.375,0.3125,0.5,0.5,1,0,0,1,0.75,0,0,0,0,1,1,0,1,0.125,0.333333333,0.5,0.5,0.5,0.5,0.666666667,0.75,0.75,0.75,0,0.75,0.3125,0,1,0.75,0.75,0.5625,0,1,0,0,0,0,0.75,0,0,0,0,0,0,1,0.5,0,0,0,1,0.4375,0.75,0.75,1,0,0.125,0.75,1,1,1,0.5,1,1,0.5,0,0.875,0.5,0.5,0.75,0.5,1,0.25,0,0.25,0,0.875,0.125,0.125,0.125,0.125,1,0.75,0.875,0,0,0.25,1,0.75,0.75,0.75,0,0,0.75,0,0.5,0,0.5,0,0.5,0,0,0.75,0,0,0,0,0.75,0.75,1,0,0,0,0,0.5,1,0,0,0,0,0.75,0.5,0,1,1,1,1,1,0,0,1,0.875,0,0.125,0.375,0.8125,0.25,1,0.25,0,0,0.75,0,0,0.0625,0,0.125,0,0.0625,0.125,1,0,1,0,1,0,0,0,0,0,0,0,0
119,NormalProliferation,Cyclic,0.00391,40,0.5,0,0,0,0,1,0.5,0,0,1,0,0,1,1,0,0,0,0,0,0,0,0,0,0.5,0.4,0,0.2,0,0.5,0.6,0.4,0.5,0.4,0.4,0.5,1,0,0,1,1,0,0,0,0,1,1,0,1,1,0,0.5,0,0.5,0,0,0,0.75,0,0,1,0.5,0,1,1,0,0.5,0,1,0,0,0,0,0,0,0,0,0,0,0,1,0.5,0,0,0,1,0.5,1,1,1,0,1,0.75,1,1,1,0.5,1,1,0.5,0,0,1,0,0.5,1,1,0,0,0,0,0,0,0,1,0,1,0,0,0,0,0,1,1,0.25,0.25,0.25,0,1,0,0.5,0,0.5,0,0.5,0,0,1,0,0,0,0,1,0.75,1,0,0,0,0,0.5,0.75,0,0,0,0,1,0.5,0,1,0,0,1,0,0,0,1,1,0,0,0.4,1,0,1,0.25,0,0,0.75,0,0,0,0,0,0,0,0,1,0,1,0,1,0,0,0,0,0,0,0,0
120,NormalProliferation,Cyclic,0.00391,40,0.5,0,0,0,0,1,0.5,0,0,1,0,0,0,1,0,0,0,0,0,0,0,0,0,0.5,0.4,0,0.2,0,0.25,0.6,0.4,0.5,0.4,0.4,0.5,1,0,0,1,1,0,0,0,0,1,1,0,1,0,0,0.5,0,0,0,0,0,0,0,0,1,0.5,0,1,1,0,0.5,0,1,0,0,0,0,0,0,0,0,0,0,0,1,0.5,0,0,0,1,0.5,1,1,1,0,0,0.75,1,1,1,0.5,1,1,0.5,0,0,1,0,0,1,1,0,0,0,0,0,0,0,0,0,1,0,0,0,0,0,1,1,0,0,0,0,1,0,0.5,0,0.5,0,0.5,0,0,1,0,0,0,0,1,0.75,1,0,0,0,0,0.5,0.75,0,0,0,0,1,0.5,0,1,0,0,0,0,0,0,1,1,0,0,0.4,1,0,1,0.25,0,0,0.75,0,0,0,0,0,0,0,0,1,0,1,0,1,0,0,0,0,0,0,0,0
121,NormalProliferation,Cyclic,0.00391,40,0.5,0,0,0,0,1,0.5,0,0,1,0,0,0,1,0,0,0,0,0,0,0,0,0,0.5,0.4,0,0.2,0,0.25,0.6,0.4,0.5,0.4,0.4,0.5,1,0,0,1,1,0,0,0,0,1,1,0,1,0,0,0.5,0,0,0,0,0,0,0,0,1,0.5,0,1,1,0,0.5,0,1,0,0,0,0,0,0,0,0,0,0,0,1,0.5,0,0,0,1,0.5,1,1,1,0,0,0.75,1,1,1,0.5,1,1,0.5,0,0,1,0,0,1,1,0,0,0,0,0,0,0,0,0,1,0,0,0,0,0,1,1,0,0,0,0,1,0,0.5,0,0.5,0,0.5,0,0,1,0,0,0,0,1,0.75,1,0,0,0,0,0.5,0.75,0,0,0,0,1,0.5,0,1,0,0,0,0,0,0,1,1,0,0,0.4,1,0,1,0.25,0,0,0.75,0,0,0,0,0,0,0,0,1,0,1,0,1,0,0,0,0,0,0,0,0
122,Metastasis + AbnormalProliferation,Cyclic,0.00391,40,0.5,1,0,0,0,1,0.5,0,0,1,0,0,0,1,0,0,0,0,0,0,0,0,0,0.5,0.4,0,0.2,0,0.25,0.6,0.4,1,0.4,0.4,0.5,1,0,0,0,1,1,0,0,0,1,1,0,0,0,0,0.5,0,0,0,0,0,0,0,0,1,0.5,0,1,0.75,0,0.5,0,1,0,0,0,0,1,0,0,0,0,1,0,1,0.5,0,0,1,1,0.5,1,1,1,0,0,1,1,1,1,0.5,1,1,0.5,0,0,1,1,0,0.75,1,0,0,0,0,0,0,0,0,0,1,0,0,0,0,0,1,1,0,0,0,0,0.5,0,0.5,0,0.5,0,0.5,0,0,1,0,0,0,1,0,0.75,0,0,0,0,0,0.5,0.75,0,0,0,0,1,0.5,0,1,0,0,0,0,0,0,1,1,0,0,0.4,1,0,1,0.25,0,0,0.75,0,0,0,0,0,0.5,0,0,1,0,1,0,1,0,0,0,0,0,0,0,0
123,NormalProliferation,Cyclic,0.00391,40,0.5,0,0,0,0,1,0.5,0,0,1,0,0,0.75,1,0,0,0,0,0,0,0,0,0,0.25,0.4,0,0.2,0,0.25,0.6,0.4,0.5,0.4,0.4,0.5,1,0,0,1,1,0,0,0,0,1,1,0,1,0.75,0,0.5,0,0.5,0,0,0,0.75,0,0,1,0.5,0,1,1,0,0.5,0,1,0,0,0,0,0,0,0,0,0,0,0,1,0.5,0,0,0,1,0.5,1,1,1,0,0.75,0.75,1,1,1,0.5,1,1,0.5,0,0,1,0,0.5,1,1,0,0,0,0,0,0,0,0.75,0,1,0,0,0,0,0,1,1,0.25,0.25,0.25,0,1,0,0.5,0,0.5,0,0.5,0,0,1,0,0,0,0,1,0.75,1,0,0,0,0,0.5,0.75,0,0,0,0,1,0.5,0,1,0,0,1,0,0,0,1,1,0,0,0.4,1,0,1,0.25,0,0,0.75,0,0,0,0,0,0,0,0,1,0,1,0,1,0,0,0,0,0,0,0,0
124,NormalProliferation,Cyclic,0.00391,24,0.25,0.5,0,0,0,1,0.5,0,0,0.5,0,0,0,1,0,0.75,0.75,0.5,0.75,0,0,0,0,0.25,0.291666667,0,0.166666667,0,0.25,0.583333333,0.291666667,0.25,0.25,0.5,0.5,1,0,0,1,0.75,0,0,0,0,1,1,0,1,0,0,0.5,0.5,0.5,0,0,0.75,0.75,0.5,0,0.75,0.25,0,1,0.75,0.75,0.75,0.25,1,0,0,0,0,0.25,0,0.25,0,0.25,0,0,1,0.5,0,0.25,0,1,0.25,0.75,0.75,1,0,0,0.75,1,1,1,0.5,1,1,0.5,0.75,1,0.5,0.5,0.5,0.5,1,0.25,0,0.25,0,1,0,0,0,0,1,0.75,1,0.25,0,0.25,1,0.75,0.75,0.75,0,0.5,0.75,0,0.5,0,0.5,0,0.5,0,0,0.75,0,0,0,0,0.75,0.75,1,0,0,0,0,0.5,1,0,0,0,0,0.75,0.5,0,1,0,1,1,1,0,0,1,0.875,1,0.125,0.375,0.833333333,0.208333333,1,0.25,0,0,0.75,0,0,0.208333333,0,0.125,0,0.083333333,0.125,1,0,1,0,1,0,0,0,0,0,0,0,0
125,Metastasis + AbnormalProliferation,Cyclic,0.00391,40,0.5,1,0,0,0,1,0.5,0,0,1,0,0,0,1,0,0,0,0,0,0,0,0,0,0.5,0.4,0,0.2,0,0.5,0.6,0.4,1,0.4,0.4,0.5,1,0,0,0,1,1,0,0,0,1,1,0,0,0,0,0.5,0,0.5,0,0,0,0.75,0,0,1,0.5,0,1,0.75,0,0.5,0,1,0,0,0,0,1,0,0,0,0,1,0,1,0.5,0,0,1,1,0.5,1,1,1,0,0,0.75,1,1,1,0.5,1,1,0.5,0,0,1,1,0.5,0.75,1,0,0,0,0,0,0,0,0,0,1,0,0,0,0,0,0,1,0,0,0,0,0.5,0,0.5,0,0.5,0,0.5,0,0,1,0,0,0,1,0,0.75,0,0,0,0,0,0.5,0.75,0,0,0,0,1,0.5,0,1,0,0,1,0,0,0,1,1,0,0,0.4,1,0,1,0.25,0,0,0.75,0,0,0,0,0,0.5,0,0,1,0,1,0,1,0,0,0,0,0,0,0,0
126,NormalProliferation,Cyclic,0.00391,16,0.375,0.5,0,0,0,1,0.5,0,0,0.75,0,0,0.125,1,0,0.75,0.75,0.5,0.75,0,0,0,0,0.5,0.375,0,0.1875,0,0.25,0.625,0.375,0.375,0.3125,0.5,0.5,1,0,0,1,0.75,0,0,0,0,1,1,0,1,0.125,0,0.5,0.5,0.5,0,0,0.75,0.75,0,0,0.75,0.3125,0,1,0.75,0.75,0.625,0,1,0,0,0,0,0.75,0,0,0,0,0,0,1,0.5,0,0,0,1,0.375,0.75,0.75,1,0,0.125,0.75,1,1,1,0.5,1,1,0.5,0,0.875,0.5,0.5,0.75,0.5,1,0.25,0,0.25,0,0.875,0,0.125,0.125,0,1,0.75,0.875,0,0,0.25,1,0.75,0.75,0.75,0,0,0.75,0,0.5,0,0.5,0,0.5,0,0,0.75,0,0,0,0,0.75,0.75,1,0,0,0,0,0.5,1,0,0,0,0,0.75,0.5,0,1,0,1,1,0,0,0,1,0.875,0,0.125,0.375,0.8125,0.25,1,0.25,0,0,0.75,0,0,0.0625,0,0.125,0,0.1875,0.125,1,0,1,0,1,0,0,0,0,0,0,0,0
127,NormalProliferation,Cyclic,0.00391,40,0.5,0,0,0,0,1,0.5,0,0,1,0,0,1,1,0,0,0,0,0,0,0,0,0,0.5,0.4,0,0.2,0,0.5,0.6,0.4,0.5,0.4,0.4,0.5,1,0,0,1,1,0,0,0,0,1,1,0,1,1,0,0.5,0,0.5,0,0,0,0.75,0,0,1,0.5,0,1,1,0,0.5,0,1,0,0,0,0,0,0,0,0,0,0,0,1,0.5,0,0,0,1,0.5,1,1,1,0,1,0.75,1,1,1,0.5,1,1,0.5,0,0,1,0,0.5,1,1,0,0,0,0,0,0,0,1,0,1,0,0,0,0,0,1,1,0.25,0.25,0.25,0,1,0,0.5,0,0.5,0,0.5,0,0,1,0,0,0,0,1,0.75,1,0,0,0,0,0.5,0.75,0,0,0,0,1,0.5,0,1,0,0,1,0,0,0,1,1,0,0,0.4,1,0,1,0.25,0,0,0.75,0,0,0,0,0,0,0,0,1,0,1,0,1,0,0,0,0,0,0,0,0
128,Metastasis + AbnormalProliferation,Cyclic,0.00391,120,0.5,1,0,0,0,1,0.5,0,0,1,0,0,0,1,0,0,0,0,0,0,0,0,0,0.5,0.4,0,0.2,0,0.416666667,0.6,0.4,1,0.4,0.4,0.5,1,0,0,0,1,1,0,0,0,1,1,0,0,0,0.333333333,0.5,0,0,0,0.666666667,0,0,0,0,1,0.5,0,1,0.75,0,0.5,0,1,0,0,0,0,1,0,0,0,0,1,0,1,0.5,0,0,1,1,0.5,1,1,1,0,0,1,1,1,1,0.5,1,1,0.5,0,0,1,1,0,0.75,1,0,0,0,0,0,0,0,0,0,1,0,0,0,0,0,0,1,0,0,0,0,0.5,0,0.5,0,0.5,0,0.5,0,0,1,0,0,0,1,0,0.75,0,0,0,0,0,0.5,0.75,0,0,0,0,1,0.5,0,1,1,0,0,0,0,0,1,1,0,0,0.4,1,0,1,0.25,0,0,0.75,0,0,0,0,0,0.5,0,0,1,0,1,0,1,0,0,0,0,0,0,0,0
129,Metastasis,Cyclic,0.00391,30,0.466666667,0.933333333,0,0.066666667,0,1,0.533333333,0,0,1,0,0,0,0.933333333,0,0,0,0,0,0.066666667,0,0,0,0.466666667,0.4,0,0.2,0.066666667,0.2,0,0.4,1,0.2,0.4,0.466666667,1,0,0,0,1,1,0,0.066666667,0,1,1,0,0.066666667,0,0,0.466666667,0,0,1,0,0,0,1,0.066666667,1,0.4,0,0.933333333,0.8,0,0.533333333,0.066666667,1,0,0,0,0,0.933333333,0,0.066666667,0,0.066666667,1,0,1,0.5,0,0.066666667,1,1,0.466666667,1,1,1,0.066666667,0,0.9,1,1,1,0.5,1,0.933333333,0.5,0,0,1,0.933333333,0,0.8,1,0,0.066666667,0,0.066666667,0,0,0,0,0,0.9,0,0,0.066666667,0,0,0,1,0.066666667,0.066666667,0,0,0.533333333,0,0.533333333,0,0.533333333,0,0.466666667,0,0.066666667,1,0,0,0,0.8,0.066666667,0.8,0,0,0,0,0,0.533333333,0.766666667,0,0,0.066666667,0,1,0.466666667,0,1,0,0,0,0,0,0,1,0.8,0,0.2,0.2,0.6,0.6,0.933333333,0.2,0,0,0.8,0.066666667,0,0,0,0.2,0.5,1,0.2,1,0,1,0,1,0,0,0,0,0,0,0,0
130,NormalProliferation,Cyclic,0.00391,48,0.4375,0.5,0,0,0,1,0.5,0,0,0.75,0,0,0.125,1,0,0.75,0.75,0.5,0.75,0,0,0,0,0.5,0.375,0,0.1875,0,0.416666667,0.625,0.375,0.375,0.3125,0.5,0.5,1,0,0,1,0.75,0,0,0,0,1,1,0,1,0.125,0.333333333,0.5,0.5,0.5,0,0.666666667,0.75,0.75,0,0,0.75,0.3125,0,1,0.75,0.75,0.5625,0,1,0,0,0,0,0.75,0,0,0,0,0,0,1,0.5,0,0,0,1,0.4375,0.75,0.75,1,0,0.125,0.75,1,1,1,0.5,1,1,0.5,0,0.875,0.5,0.5,0.75,0.5,1,0.25,0,0.25,0,0.875,0.125,0.125,0.125,0,1,0.75,0.875,0,0,0.25,1,0.75,0.75,0.75,0,0,0.75,0,0.5,0,0.5,0,0.5,0,0,0.75,0,0,0,0,0.75,0.75,1,0,0,0,0,0.5,1,0,0,0,0,0.75,0.5,0,1,1,1,1,0,0,0,1,0.875,0,0.125,0.375,0.8125,0.25,1,0.25,0,0,0.75,0,0,0.0625,0,0.125,0,0.0625,0.125,1,0,1,0,1,0,0,0,0,0,0,0,0
131,NormalProliferation,Cyclic,0.00391,40,0.5,0,0,0,0,1,0.5,0,0,1,0,0,0,1,0,0,0,0,0,0,0,0,0,0.5,0.4,0,0.2,0,0.25,0.6,0.4,0.5,0.4,0.4,0.5,1,0,0,1,1,0,0,0,0,1,1,0,1,0,0,0.5,0,0,0,0,0,0,0,0,1,0.5,0,1,1,0,0.5,0,1,0,0,0,0,0,0,0,0,0,0,0,1,0.5,0,0,0,1,0.5,1,1,1,0,0,0.75,1,1,1,0.5,1,1,0.5,0,0,1,0,0,1,1,0,0,0,0,0,0,0,0,0,1,0,0,0,0,0,1,1,0,0,0,0,1,0,0.5,0,0.5,0,0.5,0,0,1,0,0,0,0,1,0.75,1,0,0,0,0,0.5,0.75,0,0,0,0,1,0.5,0,1,0,0,0,0,0,0,1,1,0,0,0.4,1,0,1,0.25,0,0,0.75,0,0,0,0,0,0,0,0,1,0,1,0,1,0,0,0,0,0,0,0,0
132,Metastasis + AbnormalProliferation,Cyclic,0.00391,40,0.5,1,0,0,0,1,0.5,0,0,1,0,0,0,1,0,0,0,0,0,0,0,0,0,0.5,0.4,0,0.2,0,0.25,0.6,0.4,1,0.4,0.4,0.5,1,0,0,0,1,1,0,0,0,1,1,0,0,0,0,0.5,0,0,0,0,0,0,0,0,1,0.5,0,1,0.75,0,0.5,0,1,0,0,0,0,1,0,0,0,0,1,0,1,0.5,0,0,1,1,0.5,1,1,1,0,0,0.75,1,1,1,0.5,1,1,0.5,0,0,1,1,0,0.75,1,0,0,0,0,0,0,0,0,0,1,0,0,0,0,0,0,1,0,0,0,0,0.5,0,0.5,0,0.5,0,0.5,0,0,1,0,0,0,1,0,0.75,0,0,0,0,0,0.5,0.75,0,0,0,0,1,0.5,0,1,0,0,0,0,0,0,1,1,0,0,0.4,1,0,1,0.25,0,0,0.75,0,0,0,0,0,0.5,0,0,1,0,1,0,1,0,0,0,0,0,0,0,0
133,Metastasis + AbnormalProliferation,Cyclic,0.00391,30,0.466666667,0.933333333,0,0.066666667,0,1,0.533333333,0,0,1,0,0,0,0.933333333,0,0,0,0,0,0.066666667,0,0,0,0.466666667,0.4,0,0.2,0.066666667,0.2,0.4,0.4,1,0.2,0.6,0.466666667,1,0,0,0,1,1,0,0.066666667,0,1,1,0,0.066666667,0,0,0.466666667,0,0,1,0,0,0,1,0.066666667,1,0.4,0,0.933333333,0.8,0,0.533333333,0.066666667,1,0,0,0,0,0.933333333,0,0.066666667,0,0.066666667,1,0,1,0.5,0,0.066666667,1,1,0.466666667,1,1,1,0.066666667,0,0.9,1,1,1,0.5,1,0.933333333,0.5,0,0,1,0.933333333,0,0.8,1,0,0.066666667,0,0.066666667,0,0,0,0,0,0.9,0,0,0.066666667,0,0,0,1,0.066666667,0.066666667,0,0,0.533333333,0,0.533333333,0,0.533333333,0,0.466666667,0,0.066666667,1,0,0,0,0.8,0.066666667,0.8,0,0,0,0,0,0.533333333,0.766666667,0,0,0.066666667,0,1,0.466666667,0,1,0,0,0,1,0,0,1,0.8,0,0.2,0.4,0.6,0.6,0.933333333,0.2,0,0,0.8,0.066666667,0,0,0,0.2,0.5,1,0.2,1,0,1,0,1,0,0,0,0,0,0,0,0
134,Metastasis,Cyclic,0.00391,30,0.466666667,0.933333333,0,0.066666667,0,1,0.533333333,0,0,1,0,0,0,0.933333333,0,0,0,0,0,0.066666667,0,0,0,0.466666667,0.4,0,0.2,0.066666667,0.2,0,0.4,1,0.2,0.4,0.466666667,1,0,0,0,1,1,0,0.066666667,0,1,1,0,0.066666667,0,0,0.466666667,0,0,0,0,0,0,0,0.066666667,1,0.4,0,0.933333333,0.8,0,0.533333333,0.066666667,1,0,0,0,0,0.933333333,0,0.066666667,0,0.066666667,1,0,1,0.5,0,0.066666667,1,1,0.466666667,1,1,1,0.066666667,0,0.9,1,1,1,0.5,1,0.933333333,0.5,0,0,1,0.933333333,0,0.8,1,0,0.066666667,0,0.066666667,0,0,0,0,0,0.9,0,0,0.066666667,0,0,0,1,0.066666667,0.066666667,0,0,0.533333333,0,0.533333333,0,0.533333333,0,0.466666667,0,0.066666667,1,0,0,0,0.8,0.066666667,0.8,0,0,0,0,0,0.533333333,0.766666667,0,0,0.066666667,0,1,0.466666667,0,1,0,0,0,0,0,0,1,0.8,0,0.2,0.2,0.6,0.6,0.933333333,0.2,0,0,0.8,0.066666667,0,0,0,0.2,0.5,1,0.2,1,0,1,0,1,0,0,0,0,0,0,0,0
135,Metastasis + AbnormalProliferation,Cyclic,0.00391,40,0.5,1,0,0,0,1,0.5,0,0,1,0,0,0,1,0,0,0,0,0,0,0,0,0,0.5,0.4,0,0.2,0,0.25,0.6,0.4,1,0.4,0.4,0.5,1,0,0,0,1,1,0,0,0,1,1,0,0,0,0,0.5,0,0,0,0,0,0,0,0,1,0.5,0,1,0.75,0,0.5,0,1,0,0,0,0,1,0,0,0,0,1,0,1,0.5,0,0,1,1,0.5,1,1,1,0,0,0.75,1,1,1,0.5,1,1,0.5,0,0,1,1,0,0.75,1,0,0,0,0,0,0,0,0,0,1,0,0,0,0,0,1,1,0,0,0,0,0.5,0,0.5,0,0.5,0,0.5,0,0,1,0,0,0,1,0,0.75,0,0,0,0,0,0.5,0.75,0,0,0,0,1,0.5,0,1,0,0,0,0,0,0,1,1,0,0,0.4,1,0,1,0.25,0,0,0.75,0,0,0,0,0,0.5,0,0,1,0,1,0,1,0,0,0,0,0,0,0,0
136,NormalProliferation,Cyclic,0.00391,40,0.5,0,0,0,0,1,0.5,0,0,1,0,0,0,1,0,0,0,0,0,0,0,0,0,0.5,0.4,0,0.2,0,0.25,0.6,0.4,0.5,0.4,0.4,0.5,1,0,0,1,1,0,0,0,0,1,1,0,1,0,0,0.5,0,0,0,0,0,0,0,0,1,0.5,0,1,1,0,0.5,0,1,0,0,0,0,0,0,0,0,0,0,0,1,0.5,0,0,0,1,0.5,1,1,1,0,0,0.75,1,1,1,0.5,1,1,0.5,0,0,1,0,0,1,1,0,0,0,0,0,0,0,0,0,1,0,0,0,0,0,1,1,0,0,0,0,1,0,0.5,0,0.5,0,0.5,0,0,1,0,0,0,0,1,0.75,1,0,0,0,0,0.5,0.75,0,0,0,0,1,0.5,0,1,0,0,0,0,0,0,1,1,0,0,0.4,1,0,1,0.25,0,0,0.75,0,0,0,0,0,0,0,0,1,0,1,0,1,0,0,0,0,0,0,0,0
137,NormalProliferation,Cyclic,0.00391,40,0.5,0,0,0,0,1,0.5,0,0,1,0,0,0,1,0,0,0,0,0,0,0,0,0,0.5,0.4,0,0.2,0,0.25,0.6,0.4,0.5,0.4,0.4,0.5,1,0,0,1,1,0,0,0,0,1,1,0,1,0,0,0.5,0,0,0,0,0,0,0,0,1,0.5,0,1,1,0,0.5,0,1,0,0,0,0,0,0,0,0,0,0,0,1,0.5,0,0,0,1,0.5,1,1,1,0,0,0.75,1,1,1,0.5,1,1,0.5,0,0,1,0,0,1,1,0,0,0,0,0,0,0,0,0,1,0,0,0,0,0,1,1,0,0,0,0,1,0,0.5,0,0.5,0,0.5,0,0,1,0,0,0,0,1,0.75,1,0,0,0,0,0.5,0.75,0,0,0,0,1,0.5,0,1,0,0,0,0,0,0,1,1,0,0,0.4,1,0,1,0.25,0,0,0.75,0,0,0,0,0,0,0,0,1,0,1,0,1,0,0,0,0,0,0,0,0
,,,,,,,,,,,,,,,,,,,,,,,,,,,,,,,,,,,,,,,,,,,,,,,,,,,,,,,,,,,,,,,,,,,,,,,,,,,,,,,,,,,,,,,,,,,,,,,,,,,,,,,,,,,,,,,,,,,,,,,,,,,,,,,,,,,,,,,,,,,,,,,,,,,,,,,,,,,,,,,,,,,,,,,,,,,,,,,,,,,,,,,,,,,,,,,,,,,,,,,,,
Average Node Propensities,,,,,,,,,,,,,,,,,,,,,,,,,,,,,,,,,,,,,,,,,,,,,,,,,,,,,,,,,,,,,,,,,,,,,,,,,,,,,,,,,,,,,,,,,,,,,,,,,,,,,,,,,,,,,,,,,,,,,,,,,,,,,,,,,,,,,,,,,,,,,,,,,,,,,,,,,,,,,,,,,,,,,,,,,,,,,,,,,,,,,,,,,,,,,,,,,,,,,,,,,
atwozero,aa,ac,andthreefour,apc,arf,arhgaptwo,askone,actin,akt,arptwothree,brcaone,barrestin,bparvin,chkone,ca,cam,camk,camkk,cas,caspthree,caspeight,caspnine,cbp,cdctwozero,cdcfourtwo,cdhone,crk,csk,cyclina,cyclinb,cyclind,cycline,cytochromec,dag,dgk,dockoneeightzero,daxx,ecad,egfr,erk,fadd,fak,fasr,frizzled,fyn,gck,gefhone,grk,gaonetwoonethree,gabone,gai,gaq,gas,gbgonetwoonethree,gbgi,gbgq,gbgs,graf,grbtwo,ikk,ilonetnfr,ilk,ipthree,ipthreerone,ikb,integrins,larg,mkkthree,mkksix,mkkseven,mkps,mlck,mlcp,mlkone,mlktwo,mlkthree,mmp,mek,mekkone,mekktwo,mekkthree,mekkfour,myc,myosin,nfkappab,nik,nck,pa,pak,pdefour,pdkone,pithreek,pifourk,pifivek,piptwothreefour,piptwofourfive,pipthreethreefourfive,pipfour,pka,pkc,pkcprimed,platwo,plcb,plcg,pld,pptwoa,pten,ptponeb,ptppest,ptpa,palphaonetwoonethreer,palphair,palphaqr,palphasr,pixcool,rgs,rkip,rac,raf,rafdep,rafloc,rafrest,ral,ralbpone,ralgds,rapone,ras,rasgrfgrp,rho,rhogdi,rhok,sapk,shptwo,sekone,shc,slug,smac,smadtwo,smadtwofour,snail,sos,src,stathmin,takone,taoonetwo,tgfr,tabonetwo,talin,tiam,tpltwo,trafs,trio,trx,vavtwo,vinc,wasp,xiap,alphaonetwoonethreer,alphair,alphaqr,alphasr,atm,bax,bcltwo,betacatenin,camp,cycg,etwofone,mdmtwo,mdmx,ponefiverhogef,ponetwozerorasgap,ponefourarf,ponefive,poneninezerorhogap,poneninezerorhogef,ptwoone,ptwoseven,pthreeeight,pfivethree,pninezerorsk,rb,wipone,ecm,extpump,egf,fas,wnt,alphaslig,ilonetnf,stress,tgfb,alphaonetwoonethreelig,alphailig,alphaqlig,dnadamage,,,,,
0.482532655,0.241022214,0,0.006907,0,1.00038,0.503057,0,0.0025415,0.963560786,0.0025415,0,0.08708025,0.993082,0,0.093373929,0.093373929,0.058900714,0.093373929,0.006907,0,0,0,0.477449667,0.395746226,0.0029325,0.198454601,0.006907,0.274259833,0.565187381,0.395746226,0.579239679,0.374444982,0.428673464,0.489788714,0.995357143,0,0,0.80128325,0.960883929,0.190397,0,0.007298,0,1.00038,0.997868571,0,0.815326,0.11054025,0.026317333,0.489006714,0.048855,0.102808,0.07623,0.052243667,0.0732825,0.154994,0.08307,0.006907,0.961665929,0.466877018,0,0.993082,0.921006429,0.093373929,0.517847345,0.016787286,0.997868571,0,0,0,0,0.256389036,0,0.018937786,0,0.018937786,0.23017125,0.0017595,0.997868571,0.492655714,0.005413857,0.018937786,0.190397,1.00038,0.482532655,0.961665929,0.961665929,1.00038,0.0090575,0.08708025,0.771149357,0.997868571,1.00038,1.00038,0.50019,1.00038,0.993082,0.50019,0.030979286,0.101542321,0.938967857,0.241022214,0.1264535,0.893450929,1.00038,0.039496071,0.007298,0.039496071,0.011147857,0.101542321,0.00664325,0.01084525,0.08708025,0.0024425,0.989824,0.092200929,0.101542321,0.016787286,0.00244375,0.030232357,0.8598255,0.969952143,0.120023929,0.120023929,0.020525,0.024001429,0.870605179,0.0017595,0.503057,0,0.503057,0,0.489006714,0,0.006907,0.971613893,0,0,0,0.17094675,0.777100679,0.750818357,0.8086145,0,0,0,0,0.503057,0.774303786,0,0,0.007298,0,0.9583725,0.497323,0.0025415,1.00038,0.07817,0.09771,0.20718,0.043,0,0,0.999445107,0.966595571,0.04298,0.033784429,0.394889036,0.939820327,0.086943917,0.993798833,0.249170643,0,0,0.750818357,0.007298,0.000934893,0.00956322,0,0.033784429,0.0951985,0.116694756,0.033784429,1.00038,0,1.00038,0,1.00038,0,0,0,0,0,0,0,0,,,,,
,,,,,,,,,,,,,,,,,,,,,,,,,,,,,,,,,,,,,,,,,,,,,,,,,,,,,,,,,,,,,,,,,,,,,,,,,,,,,,,,,,,,,,,,,,,,,,,,,,,,,,,,,,,,,,,,,,,,,,,,,,,,,,,,,,,,,,,,,,,,,,,,,,,,,,,,,,,,,,,,,,,,,,,,,,,,,,,,,,,,,,,,,,,,,,,,,,,,,,,,,
Fixed Nodes States,,,,,,,,,,,,,,,,,,,,,,,,,,,,,,,,,,,,,,,,,,,,,,,,,,,,,,,,,,,,,,,,,,,,,,,,,,,,,,,,,,,,,,,,,,,,,,,,,,,,,,,,,,,,,,,,,,,,,,,,,,,,,,,,,,,,,,,,,,,,,,,,,,,,,,,,,,,,,,,,,,,,,,,,,,,,,,,,,,,,,,,,,,,,,,,,,,,,,,,,,
EGF,ECM,alphaqlig,alphailig,alphaslig,alphaonetwoonethreelig,stress,ILoneTNF,Extpump,Fas,Wnt,Tgfb,DNAdamage,,,,,,,,,,,,,,,,,,,,,,,,,,,,,,,,,,,,,,,,,,,,,,,,,,,,,,,,,,,,,,,,,,,,,,,,,,,,,,,,,,,,,,,,,,,,,,,,,,,,,,,,,,,,,,,,,,,,,,,,,,,,,,,,,,,,,,,,,,,,,,,,,,,,,,,,,,,,,,,,,,,,,,,,,,,,,,,,,,,,,,,,,,,,,
1,1,0,0,0,0,0,0,0,0,1,0,0,,,,,,,,,,,,,,,,,,,,,,,,,,,,,,,,,,,,,,,,,,,,,,,,,,,,,,,,,,,,,,,,,,,,,,,,,,,,,,,,,,,,,,,,,,,,,,,,,,,,,,,,,,,,,,,,,,,,,,,,,,,,,,,,,,,,,,,,,,,,,,,,,,,,,,,,,,,,,,,,,,,,,,,,,,,,,,,,,,,,,,,,,,,,,
,,,,,,,,,,,,,,,,,,,,,,,,,,,,,,,,,,,,,,,,,,,,,,,,,,,,,,,,,,,,,,,,,,,,,,,,,,,,,,,,,,,,,,,,,,,,,,,,,,,,,,,,,,,,,,,,,,,,,,,,,,,,,,,,,,,,,,,,,,,,,,,,,,,,,,,,,,,,,,,,,,,,,,,,,,,,,,,,,,,,,,,,,,,,,,,,,,,,,,,,,
Individual Cell Fates,,,,,,,,,,,,,,,,,,,,,,,,,,,,,,,,,,,,,,,,,,,,,,,,,,,,,,,,,,,,,,,,,,,,,,,,,,,,,,,,,,,,,,,,,,,,,,,,,,,,,,,,,,,,,,,,,,,,,,,,,,,,,,,,,,,,,,,,,,,,,,,,,,,,,,,,,,,,,,,,,,,,,,,,,,,,,,,,,,,,,,,,,,,,,,,,,,,,,,,,,
Metastasis,NormalProliferation,AbnormalProliferation,Quiescence,Uncharacterized,,,,,,,,,,,,,,,,,,,,,,,,,,,,,,,,,,,,,,,,,,,,,,,,,,,,,,,,,,,,,,,,,,,,,,,,,,,,,,,,,,,,,,,,,,,,,,,,,,,,,,,,,,,,,,,,,,,,,,,,,,,,,,,,,,,,,,,,,,,,,,,,,,,,,,,,,,,,,,,,,,,,,,,,,,,,,,,,,,,,,,,,,,,,,,,,,,,,,
0.1192,0.8088,0.0723,0,0,,,,,,,,,,,,,,,,,,,,,,,,,,,,,,,,,,,,,,,,,,,,,,,,,,,,,,,,,,,,,,,,,,,,,,,,,,,,,,,,,,,,,,,,,,,,,,,,,,,,,,,,,,,,,,,,,,,,,,,,,,,,,,,,,,,,,,,,,,,,,,,,,,,,,,,,,,,,,,,,,,,,,,,,,,,,,,,,,,,,,,,,,,,,,,,,,,,,,
,,,,,,,,,,,,,,,,,,,,,,,,,,,,,,,,,,,,,,,,,,,,,,,,,,,,,,,,,,,,,,,,,,,,,,,,,,,,,,,,,,,,,,,,,,,,,,,,,,,,,,,,,,,,,,,,,,,,,,,,,,,,,,,,,,,,,,,,,,,,,,,,,,,,,,,,,,,,,,,,,,,,,,,,,,,,,,,,,,,,,,,,,,,,,,,,,,,,,,,,,
Total Sample Size,256,,,,,,,,,,,,,,,,,,,,,,,,,,,,,,,,,,,,,,,,,,,,,,,,,,,,,,,,,,,,,,,,,,,,,,,,,,,,,,,,,,,,,,,,,,,,,,,,,,,,,,,,,,,,,,,,,,,,,,,,,,,,,,,,,,,,,,,,,,,,,,,,,,,,,,,,,,,,,,,,,,,,,,,,,,,,,,,,,,,,,,,,,,,,,,,,,,,,,,,,
Total States Converged,256,,,,,,,,,,,,,,,,,,,,,,,,,,,,,,,,,,,,,,,,,,,,,,,,,,,,,,,,,,,,,,,,,,,,,,,,,,,,,,,,,,,,,,,,,,,,,,,,,,,,,,,,,,,,,,,,,,,,,,,,,,,,,,,,,,,,,,,,,,,,,,,,,,,,,,,,,,,,,,,,,,,,,,,,,,,,,,,,,,,,,,,,,,,,,,,,,,,,,,,,
